"0","behavior_raw <- incubation_files %>%"
"0","  map(\(file) {"
"0","    "
"0","    excel_sheets(file) %>%"
"0","      "
"0","      map(\(sheet) {"
"0","        "
"0","        if ("
"0","          str_detect("
"0","            sheet,"
"0","            regex(""cue reactivity"", ignore_case = TRUE)"
"0","          )"
"0","        ) {"
"0","          "
"0","          read_cue(file, sheet)"
"0","          "
"0","        } else if ("
"0","          str_detect("
"0","            sheet,"
"0","            regex("
"0","              ""infusion|active lever|inactive lever"","
"0","              ignore_case = TRUE"
"0","            )"
"0","          )"
"0","        ) {"
"0","          "
"0","          read_ivsa(file, sheet)"
"0","          "
"0","        } else {"
"0","          "
"0","          NULL"
"0","        }"
"0","      }) %>%"
"0","      "
"0","      compact() %>%"
"0","      list_rbind()"
"0","  }) %>%"
"0","  "
"0","  list_rbind() %>%"
"0","  "
"0","  arrange("
"0","    reward, sex, subject,"
"0","    phase, day, behavior"
"0","  )"
