"0","jknife <- function(x, fxn, ci=0.95) {"
"0","    theta <- fxn(x)"
"0","    n <- length(x)"
"0","    partials <- rep(0,n)  "
"0","    for (i in 1:n){"
"0","       partials[i] <- fxn(x[-i])"
"0","    }"
"0","    pseudos <- (n*theta) - (n-1)*partials"
"0","    jack.est <- mean(pseudos)"
"0","    jack.se <- sqrt(var(pseudos)/n)"
"0","    alpha = 1-ci"
"0","    CI <- qt(alpha/2,n-1,lower.tail=FALSE)*jack.se"
"0","    jack.ci <- c(jack.est - CI, jack.est + CI)"
"0","    list(est=jack.est, se=jack.se, ci=jack.ci, pseudos = pseudos, partials=partials)"
"0","}"
