"0","p <- ggplot() +"
"0","  # Raw data"
"0","  geom_point("
"0","    data = raw_long,"
"0","    aes(x = value, y = lever, color = session),"
"0","    alpha = 0.35, size = 1"
"0","  ) +"
"0","  # Marginal-means lines"
"0","  geom_line("
"0","    data = pred_all,"
"0","    aes(x = value, y = fit, color = session, group = session),"
"0","    linewidth = 1.1"
"0","  ) +"
"0","  geom_ribbon("
"0","  data = pred_all,"
"0","  aes(x = value, ymin = lower, ymax = upper, fill = session),"
"0","  alpha = 0.12, color = NA, inherit.aes = FALSE"
"0","  ) +"
"0","  scale_fill_manual(values = session_colors, guide = ""none"") + "
"0","  facet_grid(rows = vars(drug), cols = vars(behavior), scales = ""free_x"") +"
"0","  scale_color_manual(values = session_colors, name = ""Session"") +"
"0","  labs("
"0","    x = NULL,"
"0","    y = ""Lever presses"","
"0","    title = ""Lever pressing vs. behavioral features by Drug and Session"","
"0","    subtitle = ""Lines = marginal means from LME models; Points = raw observations"""
"0","  ) +"
"0","  theme_minimal(base_size = 12) +"
"0","  theme("
"0","    panel.grid.minor = element_blank(),"
"0","    strip.text = element_text(face = ""bold""),"
"0","    plot.title = element_text(face = ""bold"")"
"0","  )"
"0",""
"0","p"
