repeat,fold,feature_set,accuracy,balanced_accuracy,macro_f1
0,0,Full (lever + ensemble),0.8484848484848485,0.8410714285714286,0.8418875242404654
0,0,Lever-only,0.6363636363636364,0.6428571428571428,0.6337719298245613
0,0,Non-lever ensemble,0.8484848484848485,0.8410714285714286,0.8481729055258467
0,1,Full (lever + ensemble),0.7272727272727273,0.7090097402597403,0.702020202020202
0,1,Lever-only,0.696969696969697,0.6992694805194805,0.685049019607843
0,1,Non-lever ensemble,0.6060606060606061,0.5921266233766234,0.5898989898989898
0,2,Full (lever + ensemble),0.7272727272727273,0.7330357142857142,0.7306848852901485
0,2,Lever-only,0.5454545454545454,0.5383928571428571,0.55625
0,2,Non-lever ensemble,0.696969696969697,0.6973214285714286,0.701866515837104
0,3,Full (lever + ensemble),0.696969696969697,0.6996753246753247,0.7055064500716675
0,3,Lever-only,0.5757575757575758,0.5657467532467533,0.5499432632584806
0,3,Non-lever ensemble,0.7272727272727273,0.7353896103896105,0.7439679885332059
0,4,Full (lever + ensemble),0.75,0.7339285714285714,0.7462121212121212
0,4,Lever-only,0.625,0.6232142857142857,0.6249084249084249
0,4,Non-lever ensemble,0.71875,0.7089285714285714,0.7117518059855521
1,0,Full (lever + ensemble),0.7878787878787878,0.7803571428571427,0.775219298245614
1,0,Lever-only,0.5757575757575758,0.5723214285714286,0.5561497326203209
1,0,Non-lever ensemble,0.7878787878787878,0.7803571428571427,0.7761371755179804
1,1,Full (lever + ensemble),0.696969696969697,0.6910714285714286,0.6816565787154023
1,1,Lever-only,0.6363636363636364,0.6580357142857143,0.6752136752136753
1,1,Non-lever ensemble,0.696969696969697,0.6910714285714286,0.6816565787154023
1,2,Full (lever + ensemble),0.7878787878787878,0.7849025974025975,0.7893668831168832
1,2,Lever-only,0.48484848484848486,0.4622564935064935,0.4124860646599777
1,2,Non-lever ensemble,0.696969696969697,0.7037337662337663,0.7128851540616246
1,3,Full (lever + ensemble),0.7272727272727273,0.6919642857142857,0.701037851037851
1,3,Lever-only,0.5151515151515151,0.5332792207792207,0.545054945054945
1,3,Non-lever ensemble,0.7575757575757576,0.7276785714285714,0.7264073091659298
1,4,Full (lever + ensemble),0.78125,0.7973214285714286,0.7895833333333333
1,4,Lever-only,0.65625,0.6267857142857143,0.6200159489633175
1,4,Non-lever ensemble,0.71875,0.7366071428571428,0.7304924242424242
2,0,Full (lever + ensemble),0.9090909090909091,0.9058441558441559,0.9019841269841269
2,0,Lever-only,0.6666666666666666,0.702922077922078,0.6822617204776648
2,0,Non-lever ensemble,0.8181818181818182,0.8161525974025974,0.8092983405483406
2,1,Full (lever + ensemble),0.8181818181818182,0.7991071428571428,0.8028079710144927
2,1,Lever-only,0.45454545454545453,0.45535714285714285,0.45173160173160176
2,1,Non-lever ensemble,0.7878787878787878,0.7803571428571427,0.7805109922756981
2,2,Full (lever + ensemble),0.7575757575757576,0.7642857142857142,0.7642857142857142
2,2,Lever-only,0.5757575757575758,0.5678571428571428,0.568840579710145
2,2,Non-lever ensemble,0.696969696969697,0.7080357142857143,0.7016447368421053
2,3,Full (lever + ensemble),0.7575757575757576,0.744724025974026,0.750503663003663
2,3,Lever-only,0.5757575757575758,0.5823863636363636,0.5591964687359424
2,3,Non-lever ensemble,0.6363636363636364,0.6278409090909091,0.6444816053511706
2,4,Full (lever + ensemble),0.71875,0.7196428571428573,0.7145676691729324
2,4,Lever-only,0.625,0.6125,0.6125
2,4,Non-lever ensemble,0.71875,0.7303571428571429,0.7229166666666667
3,0,Full (lever + ensemble),0.7272727272727273,0.7223214285714286,0.7232142857142857
3,0,Lever-only,0.6666666666666666,0.6491071428571429,0.6513694638694639
3,0,Non-lever ensemble,0.7878787878787878,0.7848214285714286,0.7835421888053467
3,1,Full (lever + ensemble),0.8484848484848485,0.8348214285714286,0.8395901838996468
3,1,Lever-only,0.6060606060606061,0.6116071428571428,0.6022138680033416
3,1,Non-lever ensemble,0.8181818181818182,0.8035714285714286,0.8153079710144927
3,2,Full (lever + ensemble),0.7272727272727273,0.7175324675324675,0.7097572362278245
3,2,Lever-only,0.5454545454545454,0.5641233766233766,0.5522267206477733
3,2,Non-lever ensemble,0.7272727272727273,0.7045454545454546,0.6999320124320124
3,3,Full (lever + ensemble),0.7272727272727273,0.7268668831168832,0.7061934389140272
3,3,Lever-only,0.6060606060606061,0.5876623376623377,0.5813422688422688
3,3,Non-lever ensemble,0.6666666666666666,0.6684253246753247,0.6499434389140272
3,4,Full (lever + ensemble),0.71875,0.7178571428571427,0.7131410256410255
3,4,Lever-only,0.59375,0.5964285714285714,0.5984584623323013
3,4,Non-lever ensemble,0.625,0.6428571428571428,0.6415336984996428
4,0,Full (lever + ensemble),0.7272727272727273,0.7008928571428572,0.7014705882352942
4,0,Lever-only,0.5151515151515151,0.5160714285714286,0.5014880952380951
4,0,Non-lever ensemble,0.6666666666666666,0.6508928571428572,0.6553475935828876
4,1,Full (lever + ensemble),0.7878787878787878,0.7934253246753247,0.7923444976076555
4,1,Lever-only,0.5757575757575758,0.5608766233766234,0.555952380952381
4,1,Non-lever ensemble,0.696969696969697,0.6907467532467533,0.7016594516594516
4,2,Full (lever + ensemble),0.8181818181818182,0.8267857142857142,0.8195046439628483
4,2,Lever-only,0.5454545454545454,0.5446428571428572,0.5436799719887955
4,2,Non-lever ensemble,0.8484848484848485,0.8625,0.8529605263157894
4,3,Full (lever + ensemble),0.7272727272727273,0.7349837662337663,0.7285714285714286
4,3,Lever-only,0.6060606060606061,0.5876623376623377,0.5776068376068376
4,3,Non-lever ensemble,0.6666666666666666,0.6635551948051948,0.6642628205128205
4,4,Full (lever + ensemble),0.8125,0.8205357142857144,0.8161858974358975
4,4,Lever-only,0.40625,0.4276785714285714,0.4184294871794872
4,4,Non-lever ensemble,0.78125,0.7848214285714286,0.777724358974359
5,0,Full (lever + ensemble),0.7575757575757576,0.7536525974025974,0.7531031468531469
5,0,Lever-only,0.5757575757575758,0.5872564935064934,0.5670863663191029
5,0,Non-lever ensemble,0.6666666666666666,0.6769480519480519,0.6766214177978884
5,1,Full (lever + ensemble),0.7575757575757576,0.7535714285714286,0.7549065678903141
5,1,Lever-only,0.696969696969697,0.7080357142857143,0.6944444444444444
5,1,Non-lever ensemble,0.7575757575757576,0.7598214285714286,0.7691885964912281
5,2,Full (lever + ensemble),0.875,0.8678571428571428,0.8712121212121212
5,2,Lever-only,0.53125,0.5142857142857142,0.5153846153846153
5,2,Non-lever ensemble,0.78125,0.7758928571428572,0.7734848484848484
5,3,Full (lever + ensemble),0.7575757575757576,0.7446428571428572,0.74140866873065
5,3,Lever-only,0.6363636363636364,0.6348214285714286,0.5910628019323672
5,3,Non-lever ensemble,0.5757575757575758,0.5544642857142856,0.5267379679144385
5,4,Full (lever + ensemble),0.8181818181818182,0.7987012987012987,0.808974358974359
5,4,Lever-only,0.5454545454545454,0.520698051948052,0.5013636363636363
5,4,Non-lever ensemble,0.7575757575757576,0.744724025974026,0.7532509157509157
6,0,Full (lever + ensemble),0.7272727272727273,0.7116071428571429,0.6999256781865477
6,0,Lever-only,0.6060606060606061,0.6035714285714286,0.5888254967538855
6,0,Non-lever ensemble,0.7575757575757576,0.7321428571428572,0.7260683760683762
6,1,Full (lever + ensemble),0.696969696969697,0.7080357142857143,0.7080357142857143
6,1,Lever-only,0.5757575757575758,0.5803571428571428,0.5683415032679738
6,1,Non-lever ensemble,0.6363636363636364,0.6455357142857143,0.6525210084033614
6,2,Full (lever + ensemble),0.8484848484848485,0.8388798701298702,0.8482600732600732
6,2,Lever-only,0.6060606060606061,0.5925324675324676,0.6087708587708588
6,2,Non-lever ensemble,0.7878787878787878,0.7849025974025975,0.7885093167701863
6,3,Full (lever + ensemble),0.7575757575757576,0.744724025974026,0.7428453899042134
6,3,Lever-only,0.6666666666666666,0.6635551948051948,0.6537247474747474
6,3,Non-lever ensemble,0.696969696969697,0.6992694805194805,0.6909785067873304
6,4,Full (lever + ensemble),0.84375,0.8303571428571428,0.833866133866134
6,4,Lever-only,0.71875,0.7071428571428572,0.7087579087579088
6,4,Non-lever ensemble,0.8125,0.8053571428571428,0.8111388611388612
7,0,Full (lever + ensemble),0.9393939393939394,0.9375,0.9415584415584416
7,0,Lever-only,0.5454545454545454,0.5294642857142857,0.48895063746322326
7,0,Non-lever ensemble,0.8787878787878788,0.88125,0.8851190476190477
7,1,Full (lever + ensemble),0.8181818181818182,0.8250811688311689,0.8266045548654244
7,1,Lever-only,0.6060606060606061,0.6059253246753247,0.5750000000000001
7,1,Non-lever ensemble,0.7878787878787878,0.7893668831168832,0.7917124542124543
7,2,Full (lever + ensemble),0.7575757575757576,0.7366071428571428,0.7252525252525253
7,2,Lever-only,0.5454545454545454,0.5303571428571429,0.5281318681318682
7,2,Non-lever ensemble,0.7272727272727273,0.7160714285714286,0.7051059554256485
7,3,Full (lever + ensemble),0.7575757575757576,0.7922077922077922,0.7588235294117648
7,3,Lever-only,0.7575757575757576,0.7621753246753247,0.7571428571428571
7,3,Non-lever ensemble,0.6363636363636364,0.6712662337662338,0.6354166666666666
7,4,Full (lever + ensemble),0.75,0.7339285714285714,0.7492784992784992
7,4,Lever-only,0.5625,0.5732142857142857,0.5619747899159664
7,4,Non-lever ensemble,0.71875,0.7089285714285714,0.7198412698412697
8,0,Full (lever + ensemble),0.8181818181818182,0.7987012987012987,0.7947330447330447
8,0,Lever-only,0.5151515151515151,0.515422077922078,0.5057746175393234
8,0,Non-lever ensemble,0.7575757575757576,0.731737012987013,0.7366071428571429
8,1,Full (lever + ensemble),0.6060606060606061,0.5991071428571428,0.6035539215686274
8,1,Lever-only,0.5757575757575758,0.5741071428571428,0.5738232355879416
8,1,Non-lever ensemble,0.5454545454545454,0.5321428571428571,0.5316748043090754
8,2,Full (lever + ensemble),0.7878787878787878,0.7741071428571428,0.7761729691876751
8,2,Lever-only,0.696969696969697,0.6973214285714286,0.6973407784166299
8,2,Non-lever ensemble,0.7878787878787878,0.7848214285714286,0.7923076923076924
8,3,Full (lever + ensemble),0.7878787878787878,0.7889610389610391,0.7829131652661064
8,3,Lever-only,0.696969696969697,0.6907467532467533,0.6937229437229437
8,3,Non-lever ensemble,0.7272727272727273,0.7349837662337663,0.7303571428571428
8,4,Full (lever + ensemble),0.96875,0.975,0.9721362229102167
8,4,Lever-only,0.6875,0.6955357142857144,0.6597402597402597
8,4,Non-lever ensemble,0.875,0.9,0.8875
9,0,Full (lever + ensemble),0.8787878787878788,0.8831168831168832,0.8785714285714286
9,0,Lever-only,0.6666666666666666,0.6420454545454546,0.6369805194805196
9,0,Non-lever ensemble,0.8484848484848485,0.8518668831168832,0.8494047619047619
9,1,Full (lever + ensemble),0.7272727272727273,0.7008928571428572,0.6956349206349206
9,1,Lever-only,0.45454545454545453,0.4446428571428571,0.4494393074955735
9,1,Non-lever ensemble,0.7272727272727273,0.7071428571428572,0.702020202020202
9,2,Full (lever + ensemble),0.7272727272727273,0.7241071428571428,0.7260992275698157
9,2,Lever-only,0.5757575757575758,0.5741071428571428,0.5738232355879416
9,2,Non-lever ensemble,0.6666666666666666,0.6678571428571428,0.6693326453388373
9,3,Full (lever + ensemble),0.7575757575757576,0.7362012987012987,0.7430323299888517
9,3,Lever-only,0.7272727272727273,0.7309253246753247,0.7173382173382173
9,3,Non-lever ensemble,0.6666666666666666,0.6680194805194805,0.6768315018315019
9,4,Full (lever + ensemble),0.84375,0.8321428571428572,0.8430880713489409
9,4,Lever-only,0.75,0.750892857142857,0.7359959893048129
9,4,Non-lever ensemble,0.84375,0.8214285714285714,0.8333333333333334
