"0","# calculate within session means and sems for plotting"
"0",""
"0","inc_dbl_scr %>%"
"0","  group_by(sex,drug,session,time) %>%"
"0","  summarise(mean_lever = mean(lever,na.rm = TRUE),"
"0","            sem_lever = sd(lever,na.rm = TRUE)/sqrt(length(lever)),"
"0","            mean_sniff = mean(sniff,na.rm = TRUE),"
"0","            sem_sniff = sd(sniff,na.rm = TRUE)/sqrt(length(sniff)),"
"0","            mean_groom = mean(groom,na.rm = TRUE),"
"0","            sem_groom = sd(groom,na.rm = TRUE)/sqrt(length(groom)),"
"0","            mean_seek = mean(seek,na.rm = TRUE),"
"0","            sem_seek = sd(seek,na.rm = TRUE)/sqrt(length(seek)),"
"0","            mean_shake = mean(shake,na.rm = TRUE),"
"0","            sem_shake = sd(shake,na.rm = TRUE)/sqrt(length(shake)),"
"0","            mean_sniff_cnt = mean(sniff_cnt,na.rm = TRUE),"
"0","            sem_sniff_cnt = sd(sniff_cnt,na.rm = TRUE)/sqrt(length(sniff_cnt)),"
"0","            mean_groom_cnt = mean(groom_cnt,na.rm = TRUE),"
"0","            sem_groom_cnt = sd(groom_cnt,na.rm = TRUE)/sqrt(length(groom_cnt)),"
"0","            mean_seek_cnt = mean(seek_cnt,na.rm = TRUE),"
"0","            sem_seek_cnt = sd(seek_cnt,na.rm = TRUE)/sqrt(length(seek_cnt))) -> means_sems_all"
"2","`summarise()` has grouped output by 'sex', 'drug', 'session'. You can override using the `.groups` argument."
"0","means_sems_all$session = as.factor(means_sems_all$session)"
