"0","inc_raw_data %>%"
"0","  group_by(subject,drug,sex,session,time) %>%"
"0","  summarise(beam = mean(beam_breaks,na.rm = TRUE),"
"0","            sniff_cnt = mean(sniff_cnt,na.rm = TRUE),"
"0","            sniff = mean(sniffing,na.rm = TRUE),"
"0","            groom_cnt = mean(groom_cnt,na.rm = TRUE),"
"0","            groom = mean(grooming,na.rm = TRUE),"
"0","            shake = mean(shakes,na.rm = TRUE),"
"0","            seek_cnt = mean(seeking_cnt,na.rm = TRUE),"
"0","            seek = mean(seeking,na.rm = TRUE),"
"0","            lever = mean(lever,na.rm = TRUE)) -> inc_dbl_scr"
"2","`summarise()` has grouped output by 'subject', 'drug', 'sex', 'session'. You can override using the `.groups` argument."
