"","subject","drug","sex","session","time","beam","sniff_cnt","sniff","groom_cnt","groom","shake","seek_cnt","seek","lever"
"1","361","2","1","2",1,2,6,150,0,0,0,8,24,4
"2","361","2","1","2",2,8,8,117,2,5,0,7,16,5
"3","361","2","1","2",3,10,8,83,2,32,0,7,21,6
"4","361","2","1","2",4,8,10,117,5,45,0,6,29,3
"5","361","2","1","2",5,3,7,60,4,38,0,10,34,7
"6","361","2","1","2",6,4,4,54,5,116,0,4,9,2
"7","363","2","1","2",1,6,6,98,0,0,1,7,22,6
"8","363","2","1","2",2,7,8,35,2,23,0,7,19,9
"9","363","2","1","2",3,6,4,57,3,70,0,3,14,5
"10","363","2","1","2",4,3,3,31,4,94,0,4,11,4
"11","363","2","1","2",5,10,5,61,3,19,0,6,71,5
"12","363","2","1","2",6,1,0,0,2,129,1,2,4,2
"13","364","2","1","2",1,17,6,80,1,5,0,7,36,7
"14","364","2","1","2",2,9,7,98,0,0,0,6,21,8
"15","364","2","1","2",3,4,4,74,3,32,1,5,32,5
"16","364","2","1","2",4,10,4,121,1,12,0,4,34,4
"17","364","2","1","2",5,7,5,51,2,45,0,6,20,3
"18","364","2","1","2",6,10,5,70,2,30,2,6,24,5
"19","365","2","1","1",1,18.5,9.5,92.5,0.5,2,0,NA,NA,6
"20","365","2","1","1",2,14.5,8.5,105,3.5,57.5,0.5,NA,NA,5
"21","365","2","1","1",3,4.5,3.5,19,0,0,0,NA,NA,9
"22","365","2","1","1",4,11,7.5,68,3,42.5,1,NA,NA,5
"23","365","2","1","1",5,10.5,5,49,5.5,147,0,NA,NA,0
"24","365","2","1","1",6,1,0.5,1,1,3.5,0,NA,NA,0
"25","366","2","1","1",1,9,8.5,79.5,0,0,0,NA,NA,7
"26","366","2","1","1",2,5,5.5,47,0.5,2,0,NA,NA,7
"27","366","2","1","1",3,10,6.5,83,1,2,0,NA,NA,5
"28","366","2","1","1",4,3.5,3.5,104.5,1.5,95.5,1,NA,NA,1
"29","366","2","1","1",5,1.5,1,35.5,0,0,0,NA,NA,1
"30","366","2","1","1",6,0,0,0,0,0,0,NA,NA,0
"31","367","2","1","1",1,9.5,7,66,1,13.5,1,5.5,19.5,7
"32","367","2","1","1",2,9,6.5,131.5,0,0,0,4.5,11,6
"33","367","2","1","1",3,5,6.5,52,5,169,1,0.5,0.5,2
"34","367","2","1","1",4,4,6,34.5,4,62,1,3,6.5,3
"35","367","2","1","1",5,4,4,56,1.5,19,2,5.5,16.5,6
"36","367","2","1","1",6,4,5,99.5,2,35.5,0,1,3,0
"37","368","2","1","2",1,8,4,47,2,19,0,6,21,8
"38","368","2","1","2",2,4,4,33,3,61,0,9,24,6
"39","368","2","1","2",3,9,3,55,3,37,0,7,45,6
"40","368","2","1","2",4,5,2,22,2,20,0,10,40,8
"41","368","2","1","2",5,6,5,40,3,77,1,6,26,5
"42","368","2","1","2",6,11,3,100,2,7,0,6,34,5
"43","371","2","1","2",1,5,7,43,2,4,0,7,23,10
"44","371","2","1","2",2,6,8,74,4,30,0,5,14,7
"45","371","2","1","2",3,4,7,65,3,73,0,3,14,4
"46","371","2","1","2",4,3,7,60,2,104,1,3,5,4
"47","371","2","1","2",5,4,4,79,6,100,0,5,14,3
"48","371","2","1","2",6,0,4,36,2,94,1,3,7,4
"49","372","2","1","2",1,25,10,117,2,5,3,6,9,5
"50","372","2","1","2",2,12,6,44,3,53,0,6,33,7
"51","372","2","1","2",3,9,7,76,1,14,0,5,12,7
"52","372","2","1","2",4,7,5,74,3,45,0,5,17,6
"53","372","2","1","2",5,10,4,93,2,74,3,3,10,4
"54","372","2","1","2",6,10,5,113,3,7,0,6,9,7
"55","373","2","1","2",1,11,6,89,2,14,0,5,31,6
"56","373","2","1","2",2,12,9,84,1,6,0,6,19,6
"57","373","2","1","2",3,10,7,98,0,0,0,5,48,4
"58","373","2","1","2",4,0,4,42,2,9,0,8,88,5
"59","373","2","1","2",5,7,5,86,0,0,0,6,75,3
"60","373","2","1","2",6,2,6,80,1,22,0,6,61,3
"61","374","2","1","2",1,17,7,97,0,0,2,6,20,7
"62","374","2","1","2",2,22,7,125,2,30,2,4,17,4
"63","374","2","1","2",3,17,6,117,2,4,1,6,18,6
"64","374","2","1","2",4,7,7,122,2,11,2,5,43,3
"65","374","2","1","2",5,10,7,121,2,8,4,6,25,5
"66","374","2","1","2",6,7,4,119,5,75,4,4,25,2
"67","375","2","1","2",1,7,4,89,1,24,0,3,14,5
"68","375","2","1","2",2,9,5,112,2,37,0,4,26,3
"69","375","2","1","2",3,7,3,74,1,57,0,7,27,5
"70","375","2","1","2",4,4,4,91,1,26,0,4,28,2
"71","375","2","1","2",5,4,6,117,1,12,0,3,33,2
"72","375","2","1","2",6,2,3,76,1,27,0,4,48,2
"73","376","2","1","2",1,6,4,50,1,11,0,6,21,5
"74","376","2","1","2",2,13,5,60,2,8,0,5,60,7
"75","376","2","1","2",3,5,5,58,1,10,0,5,30,5
"76","376","2","1","2",4,8,6,94,2,19,0,2,11,6
"77","376","2","1","2",5,3,6,36,4,36,0,2,10,5
"78","376","2","1","2",6,6,4,77,1,27,0,3,14,2
"79","377","2","1","2",1,14,6,66,1,2,0,3,9,6
"80","377","2","1","2",2,15,7,107,0,0,0,2,5,7
"81","377","2","1","2",3,8,8,89,3,54,0,4,11,6
"82","377","2","1","2",4,8,2,93,0,0,0,7,18,7
"83","377","2","1","2",5,18,4,130,0,0,0,5,14,4
"84","377","2","1","2",6,6,4,118,0,0,0,4,28,4
"85","378","2","1","2",1,7,7,94,1,2,0,9,32,8
"86","378","2","1","2",2,17,60,131,4,10,0,4,10,5
"87","378","2","1","2",3,7,5,64,1,34,0,5,28,6
"88","378","2","1","2",4,7,3,80,0,0,0,4,60,5
"89","378","2","1","2",5,7,2,121,1,52,0,2,28,2
"90","378","2","1","2",6,9,8,147,1,3,0,6,76,0
"91","379","2","1","2",1,18,7,144,1,4,0,2,7,6
"92","379","2","1","2",2,12,8,100,2,59,1,2,4,5
"93","379","2","1","2",3,11,7,114,1,50,1,3,10,5
"94","379","2","1","2",4,8,7,92,3,90,0,1,5,2
"95","379","2","1","2",5,6,7,109,0,0,0,6,37,6
"96","379","2","1","2",6,12,7,139,1,31,0,2,7,4
"97","380","2","1","2",1,8,7,97,1,7,0,6,24,6
"98","380","2","1","2",2,9,10,104,2,15,0,7,25,6
"99","380","2","1","2",3,11,9,106,0,0,0,7,31,7
"100","380","2","1","2",4,8,7,95,1,19,1,5,20,7
"101","380","2","1","2",5,3,7,85,1,26,1,7,38,6
"102","380","2","1","2",6,10,12,109,2,66,0,5,23,5
"103","381","2","1","2",1,21,8,122,2,14,0,6,19,7
"104","381","2","1","2",2,15,7,133,1,27,1,5,32,5
"105","381","2","1","2",3,6,6,109,4,53,0,3,7,3
"106","381","2","1","2",4,8,7,136,1,37,0,3,14,4
"107","381","2","1","2",5,10,8,166,1,6,0,4,13,3
"108","381","2","1","2",6,8,6,137,2,28,0,5,25,4
"109","383","2","1","1",1,10.5,9.5,91,3.5,74.5,3,4,5,4
"110","383","2","1","1",2,13.5,8,84,3.5,123,2,2,4.5,3
"111","383","2","1","1",3,9,7,123,3,31.5,0,3.5,6,5
"112","383","2","1","1",4,2,5,68.5,4,34.5,1,2.5,78,1
"113","383","2","1","1",5,3,5,31,5,75.5,1,5.5,65,4
"114","383","2","1","1",6,8,10,57,9,73.5,1,4.5,14,4
"115","384","2","1","1",1,14.5,7,122,2,17.5,1,5.5,9.5,6
"116","384","2","1","1",2,7.5,6.5,133,0,0,0,2.5,5.5,3
"117","384","2","1","1",3,5,6,65,3.5,82.5,1,2.5,4.5,2.5
"118","384","2","1","1",4,5.5,5,115,2.5,19.5,0,3.5,6,2
"119","384","2","1","1",5,2.5,6.5,95,2,20,0,4.5,36.5,5
"120","384","2","1","1",6,4,6,69,3,27,0,7,49.5,5
"121","386","2","1","1",1,12.5,6,124.5,0,0,0,8,24.5,6
"122","386","2","1","1",2,9.5,6,114.5,1,3.5,0,6.5,17,6
"123","386","2","1","1",3,5.5,3.5,128,0,0,0,7,31.5,5
"124","386","2","1","1",4,7.5,3.5,52,0,0,0,9.5,41,8
"125","386","2","1","1",5,3,3.5,73.5,2,50,0,5.5,21,4
"126","386","2","1","1",6,12,4.5,152.5,0,0,0,5,27.5,4
"127","387","2","2","2",1,16,6,166,1,17,0,6,23,5
"128","387","2","2","2",2,7,6,123,0,0,0,7,29,7
"129","387","2","2","2",3,6,5,143,1,29,0,4,16,4
"130","387","2","2","2",4,6,7,96,0,0,0,7,50,7
"131","387","2","2","2",5,1,4,110,1,56,0,3,15,3
"132","387","2","2","2",6,5,2,81,1,28,0,6,58,6
"133","388","2","2","2",1,10,7,128,1,2,0,5,29,8
"134","388","2","2","2",2,3,5,88,2,30,0,6,29,6
"135","388","2","2","2",3,8,3,173,1,26,0,3,10,4
"136","388","2","2","2",4,2,3,168,1,9,0,4,47,4
"137","388","2","2","2",5,3,3,195,1,13,0,3,8,2
"138","388","2","2","2",6,4,2,207,0,0,0,2,20,2
"139","389","2","1","1",1,12,5,46,1,51,0,6,15.5,7
"140","389","2","1","1",2,7,8,69,0,0,0,4.5,20,8
"141","389","2","1","1",3,4.5,2.5,44.5,4,119,0,0,0,0
"142","389","2","1","1",4,0.5,2.5,13.5,5,123,0,2,62.5,2
"143","389","2","1","1",5,6,5.5,68.5,2,32,0,1.5,4.5,3.5
"144","389","2","1","1",6,4.5,4,61,3,162,0,1.5,6,1.5
"145","390","2","2","2",1,15,6,174,0,0,0,6,24,5
"146","390","2","2","2",2,19,8,139,1,3,0,6,17,6
"147","390","2","2","2",3,10,5,103,2,29,1,4,22,6
"148","390","2","2","2",4,9,6,78,0,0,0,6,54,6
"149","390","2","2","2",5,8,6,88,1,36,0,5,106,3
"150","390","2","2","2",6,12,10,88,0,0,0,5,53,6
"151","391","2","2","2",1,18,7,97,1,19,0,7,25,8
"152","391","2","2","2",2,13,10,83,0,0,0,8,30,8
"153","391","2","2","2",3,6,6,81,4,54,0,4,32,4
"154","391","2","2","2",4,18,5,134,2,16,0,2,31,2
"155","391","2","2","2",5,15,5,167,2,31,0,3,17,3
"156","391","2","2","2",6,9,6,87,4,116,0,1,23,1
"157","392","2","2","2",1,14,6,102,0,0,0,8,32,8
"158","392","2","2","2",2,10,6,69,0,0,0,7,70,7
"159","392","2","2","2",3,11,5,138,0,0,0,6,52,5
"160","392","2","2","2",4,5,2,131,2,51,0,2,40,2
"161","392","2","2","2",5,11,6,99,2,7,0,6,33,5
"162","392","2","2","2",6,11,8,136,3,67,0,5,38,1
"163","393","2","2","2",1,13,7,108,2,7,0,9,35,9
"164","393","2","2","2",2,14,6,148,1,11,0,4,22,5
"165","393","2","2","2",3,5,5,101,3,8,0,6,72,5
"166","393","2","2","2",4,7,6,115,2,8,0,3,16,5
"167","393","2","2","2",5,2,7,87,2,21,0,4,39,5
"168","393","2","2","2",6,3,7,98,1,51,0,7,54,4
"169","394","2","2","2",1,18,8,119,2,8,0,6,18,7
"170","394","2","2","2",2,10,9,120,5,37,0,3,13,5
"171","394","2","2","2",3,8,6,183,1,2,0,3,18,4
"172","394","2","2","2",4,10,3,57,2,25,1,3,138,3
"173","394","2","2","2",5,17,5,258,2,9,0,2,4,1
"174","394","2","2","2",6,8,6,78,1,49,1,4,117,2
"175","395","2","1","1",1,9.5,6.5,87,1,2.5,0,NA,NA,7
"176","395","2","1","1",2,10,4.5,154,0,0,0,NA,NA,5
"177","395","2","1","1",3,2,1,41,0,0,0,NA,NA,6
"178","395","2","1","1",4,7,3.5,151.5,0,0,0,NA,NA,3
"179","395","2","1","1",5,6.5,3.5,88,1.5,4,0,NA,NA,2
"180","395","2","1","1",6,8,5.5,79,0,0,0,NA,NA,3
"181","396","2","1","1",1,5.5,6,52,0,0,0,9.5,34.5,11
"182","396","2","1","1",2,1,4.5,21,3,92.5,0,6,24.5,6
"183","396","2","1","1",3,4,2.5,8.5,1,5.5,0,8.5,109,6
"184","396","2","1","1",4,4.5,4.5,105,3.5,86.5,0,3.5,6,2
"185","396","2","1","1",5,3,2.5,40.5,2,87,0,4,46,3
"186","396","2","1","1",6,5,4,120,3,37,0,3.5,34,3
"187","397","2","1","1",1,10,7,100,0,0,0,5.5,22.5,7.5
"188","397","2","1","1",2,7.5,3.5,60,0,0,0,4.5,109,4
"189","397","2","1","1",3,5,2.5,73,0,0,0,5,158.5,2
"190","397","2","1","1",4,9.5,7.5,104,2.5,36.5,1,4,13,4
"191","397","2","1","1",5,10.5,6.5,55.5,0,0,0,6,29,6
"192","397","2","1","1",6,7,4,38.5,2.5,113,0,1.5,5.5,1
"193","398","2","1","1",1,9.5,6.5,83.5,1.5,5,0,5.5,18,7.5
"194","398","2","1","1",2,5.5,4,82,0,0,0,1.5,2.5,4
"195","398","2","1","1",3,1,4.5,6.5,2,3.5,0,2.5,6.5,5
"196","398","2","1","1",4,9,5,93,0,0,0,3.5,10,4
"197","398","2","1","1",5,4,5.5,167,3,5,0,2,4,3
"198","398","2","1","1",6,2.5,2,191.5,0,0,0,2.5,14,3
"199","399","2","1","1",1,11.3333333333333,7.33333333333333,79,1.33333333333333,14.3333333333333,0,6,21.3333333333333,6.33333333333333
"200","399","2","1","1",2,6.33333333333333,5.33333333333333,10.6666666666667,4,52,0,9.33333333333333,56.3333333333333,6
"201","399","2","1","1",3,4.33333333333333,6.66666666666667,98.3333333333333,2,28.3333333333333,0,6,82.6666666666667,3
"202","399","2","1","1",4,2.66666666666667,4,101,2.66666666666667,109.666666666667,0,1.33333333333333,9.66666666666667,1
"203","399","2","1","1",5,6,9,103.333333333333,2,42.6666666666667,0,12,90,3
"204","399","2","1","1",6,4.33333333333333,4.33333333333333,45.6666666666667,2.33333333333333,71.3333333333333,0,4.66666666666667,80.6666666666667,3
"205","417","2","2","2",1,16,8,127,1,11,0,4,11,6
"206","417","2","2","2",2,15,11,89,1,4,1,9,37,8
"207","417","2","2","2",3,15,4,146,1,49,1,4,15,3
"208","417","2","2","2",4,11,8,135,4,48,0,4,25,4
"209","417","2","2","2",5,16,9,121,5,35,0,5,54,4
"210","417","2","2","2",6,12,6,174,2,44,0,1,31,2
"211","418","2","2","2",1,10,8,146,1,4,0,5,16,7
"212","418","2","2","2",2,6,7,56,2,70,1,5,36,5
"213","418","2","2","2",3,2,6,116,2,91,0,2,12,3
"214","418","2","2","2",4,4,3,113,0,0,0,5,69,6
"215","418","2","2","2",5,5,3,253,0,0,0,1,8,1
"216","418","2","2","2",6,8,2,252,1,15,0,1,1,1
"217","422","2","2","2",1,18.5,7,123,2,11.5,0,6.5,20.5,7
"218","422","2","2","2",2,9.5,6.5,129.5,2,8.5,0,4,13,6
"219","422","2","2","2",3,11,8,141.5,2.5,14,0,1.5,10.5,5
"220","422","2","2","2",4,7,4.5,154.5,2,61,0,1.5,18,2.5
"221","422","2","2","2",5,11,6.5,161.5,1.5,25.5,0,2.5,10,4
"222","422","2","2","2",6,10,5,215.5,2,10,0,3.5,33.5,0.5
"223","423","2","2","2",1,14,9,121,1,12,0,4,16,7
"224","423","2","2","2",2,11,8,75,1,6,0,9,35,9
"225","423","2","2","2",3,7,7,90,1,17,0,6,19,6
"226","423","2","2","2",4,6,9,109,1,29,0,6,19,6
"227","423","2","2","2",5,2,4,54,1,62,0,3,30,6
"228","423","2","2","2",6,11,8,106,0,0,0,6,75,5
"229","448","1","1","1",1,22,4.5,157.5,1.5,82.5,6,NA,NA,2
"230","448","1","1","1",2,7,4,152,2,106.5,6,NA,NA,1
"231","448","1","1","1",3,1,0.5,3,1.5,275.5,4,NA,NA,0
"232","448","1","1","1",4,1,2,38,2.5,273.5,4.5,NA,NA,1
"233","448","1","1","1",5,6.5,1,52.5,2,81,3,NA,NA,0
"234","448","1","1","1",6,12.5,4.5,93.5,2.5,69.5,7,NA,NA,2
"235","448","1","1","2",1,29.5,6.5,185,0,0,0,NA,NA,3
"236","448","1","1","2",2,11.5,7,163.5,1,12,2,NA,NA,3
"237","448","1","1","2",3,15.5,6.5,192,1,13.5,1,NA,NA,1.5
"238","448","1","1","2",4,10,6,125.5,2.5,32,2,NA,NA,1
"239","448","1","1","2",5,14.5,5.5,161,0.5,1,0,NA,NA,4
"240","448","1","1","2",6,7,5,59,3,29.5,2,NA,NA,3
"241","450","1","1","1",1,15.5,5,150,2.5,86.5,9.5,NA,NA,2
"242","450","1","1","1",2,15,3.5,162.5,2,53.5,9,NA,NA,2
"243","450","1","1","1",3,7,3,44.5,3.5,90.5,7.5,NA,NA,1
"244","450","1","1","1",4,3,1.5,33,1.5,197,9,NA,NA,0
"245","450","1","1","1",5,0,1.5,282,0.5,2,0,NA,NA,0
"246","450","1","1","1",6,21.5,5,204,2.5,12,14,NA,NA,1
"247","450","1","1","2",1,27,6.5,125,3,21.5,4.5,NA,NA,4
"248","450","1","1","2",2,18.5,5,162.5,1,9,4,NA,NA,3
"249","450","1","1","2",3,13.5,5.5,145,2,27,4,NA,NA,4
"250","450","1","1","2",4,15.5,5,140,2,32.5,5,NA,NA,4
"251","450","1","1","2",5,19,5.5,175,0,0,2.5,NA,NA,2.5
"252","450","1","1","2",6,9.5,4.5,185,3.5,34.5,3,NA,NA,0
"253","451","1","1","1",1,11,4.5,104.5,1,126.5,9,NA,NA,2
"254","451","1","1","1",2,4,3,191.5,1,23.5,4,NA,NA,2
"255","451","1","1","1",3,8.5,4,135.5,1,60,8,NA,NA,3
"256","451","1","1","1",4,0,1.5,6,3.5,253,8,NA,NA,0
"257","451","1","1","1",5,0,1,3.5,1.5,279,7.5,NA,NA,0
"258","451","1","1","1",6,3,3.5,65.5,3,161.5,13.5,NA,NA,0
"259","452","1","1","1",1,17,6,126.5,3,43,8,NA,NA,5
"260","452","1","1","1",2,6,6,36.5,3.5,112.5,6,NA,NA,4
"261","452","1","1","1",3,3,2,26.5,2,217.5,6.5,NA,NA,1
"262","452","1","1","1",4,1.5,2,17.5,3,201.5,4,NA,NA,0
"263","452","1","1","1",5,4,1.5,59.5,1.5,58.5,4.5,NA,NA,0
"264","452","1","1","1",6,1,0.5,3,2,49,3,NA,NA,0
"265","452","1","1","2",1,16.5,10,73.5,4,32,3.5,NA,NA,5
"266","452","1","1","2",2,18.5,6.5,146.5,1,19.5,1,NA,NA,4
"267","452","1","1","2",3,19,7.5,107.5,4.5,85,4,NA,NA,0
"268","452","1","1","2",4,14,4.5,125,2,97.5,2,NA,NA,2
"269","452","1","1","2",5,11.5,6,120.5,2,71.5,3,NA,NA,4
"270","452","1","1","2",6,7.5,6,109.5,3,79.5,1,NA,NA,1
"271","453","1","1","1",1,16.5,7,75,3.5,98.5,6,NA,NA,5
"272","453","1","1","1",2,9,4,194.5,1.5,22,4,NA,NA,2
"273","453","1","1","1",3,6.5,3,70.5,1,165,8,NA,NA,2
"274","453","1","1","1",4,0,0.5,1,1.5,250,4.5,NA,NA,0
"275","453","1","1","1",5,8.5,4.5,122,2,92,7.5,NA,NA,3
"276","453","1","1","1",6,3.5,4,36.5,1.5,124,7,NA,NA,1
"277","507","1","1","1",1,7,2.5,94,1.5,123.5,3.5,NA,NA,1
"278","507","1","1","1",2,13,3,153.5,1,59.5,3.5,NA,NA,2
"279","507","1","1","1",3,4.5,2,34.5,2,207,6,NA,NA,1
"280","507","1","1","1",4,0,1,3.5,3,246.5,8,NA,NA,0
"281","507","1","1","1",5,0,0,0,1.5,287.5,5,NA,NA,0
"282","507","1","1","1",6,6.5,3,117.5,3,123,5,NA,NA,0
"283","507","1","1","2",1,8.5,3,167.5,0,0,0,NA,NA,4
"284","507","1","1","2",2,10.5,4.5,127,1,27.5,0,NA,NA,3.5
"285","507","1","1","2",3,7,5,153.5,0,0,1,NA,NA,3
"286","507","1","1","2",4,6,3.5,158.5,1,42.5,0,NA,NA,3
"287","507","1","1","2",5,11,3.5,129,2,39,2,NA,NA,2
"288","507","1","1","2",6,7.5,4,151.5,0,0,0,NA,NA,5
"289","544","1","2","1",1,19,4.5,140.5,1,2.065,4,NA,NA,7
"290","544","1","2","1",2,8.5,7.5,121.355,2.5,34.9,4.5,NA,NA,5
"291","544","1","2","1",3,9,4.5,130.71,0.5,2.19,3.5,NA,NA,4
"292","544","1","2","1",4,9,4.5,96.855,1.5,63.185,5,NA,NA,2
"293","544","1","2","1",5,3,2.5,204.395,2.5,60.395,4,NA,NA,1
"294","544","1","2","1",6,2.5,2.5,182.885,1,39.755,7,NA,NA,1.5
"295","544","1","2","2",1,20,9,120.98,1,2.85,2.5,NA,NA,8.5
"296","544","1","2","2",2,25,4.5,188.095,0,0,2.5,NA,NA,4
"297","544","1","2","2",3,24,8,133.635,0,0,3,NA,NA,7
"298","544","1","2","2",4,25.5,2.5,49.725,0.5,1.49,0,NA,NA,2
"299","544","1","2","2",5,8.5,3.5,81.35,0,0,0,NA,NA,6
"300","544","1","2","2",6,18,8,142.66,1.5,4.995,1.5,NA,NA,7
"301","545","1","2","1",1,21,8,147.89,1,2.75,2,NA,NA,8
"302","545","1","2","1",2,6,4,87.84,3,43.43,2,NA,NA,7
"303","545","1","2","1",3,5,3,47.29,4,165.59,7,NA,NA,3
"304","545","1","2","1",4,7,2,75.41,3,165.41,4,NA,NA,1
"305","545","1","2","1",5,5,5,74.56,2,78.91,0,NA,NA,5
"306","545","1","2","1",6,7,4,111.76,0,0,4,NA,NA,3
"307","B213","1",NA,"1",1,13.5,2,96.525,2,196.82,4,NA,NA,0
"308","B213","1",NA,"1",2,5.5,1,92.5,1,97,2.5,NA,NA,0
"309","B213","1",NA,"1",3,0,0,0,0,0,0,NA,NA,0
"310","B213","1",NA,"1",4,4,2,102.19,1,12.31,2,NA,NA,0
"311","B213","1",NA,"1",5,5.5,1.5,136,1,48.5,3,NA,NA,0
"312","B213","1",NA,"1",6,0,0,0,0,0,0,NA,NA,0
"313","B213","1",NA,"2",1,21.5,3.5,141.81,1.5,105.985,2,NA,NA,1.5
"314","B213","1",NA,"2",2,10,2.5,140.5,1,49.5,1,NA,NA,1.5
"315","B213","1",NA,"2",3,11.5,4,70.5,0,0,0,NA,NA,3.5
"316","B213","1",NA,"2",4,18.5,2.5,167.775,0.5,7.4,1,NA,NA,1
"317","B213","1",NA,"2",5,10.5,1.5,213.13,1,28,2,NA,NA,0.5
"318","B213","1",NA,"2",6,10,1,100.5,0,0,0,NA,NA,0.5
"319","B230","1",NA,"1",1,31,6,175.74,2,47.025,7,NA,NA,3
"320","B230","1",NA,"1",2,8,5,61.54,3,127,4,NA,NA,4
"321","B230","1",NA,"1",3,9,5,166,1,10,3,NA,NA,3
"322","B230","1",NA,"1",4,17,4,216.5,2,5.5,4,NA,NA,4
"323","B230","1",NA,"1",5,3,3,62.79,3,106.325,1,NA,NA,6
"324","B230","1",NA,"1",6,0,1,20.5,0,0,0,NA,NA,0
"325","B230","1",NA,"2",1,36.5,5.5,177,1,23.5,3.5,NA,NA,3.5
"326","B230","1",NA,"2",2,13.5,6.5,90,1.5,63.47,2,NA,NA,5.5
"327","B230","1",NA,"2",3,23,4.5,180.555,0.5,6,2,NA,NA,3.5
"328","B230","1",NA,"2",4,19.5,3.5,208,1.5,8.5,3,NA,NA,3
"329","B230","1",NA,"2",5,13,2,150,2,54.5,1,NA,NA,3
"330","B230","1",NA,"2",6,11,3,95.43,0,0,1,NA,NA,2
"331","B25","1","1","1",1,12.5,7.5,89,3,36,7.5,NA,NA,6
"332","B25","1","1","1",2,4.5,2,35,4,112,6,NA,NA,3.5
"333","B25","1","1","1",3,0,2.5,32.5,3.5,157.5,4,NA,NA,1.5
"334","B25","1","1","1",4,3,2,19,3.5,113.5,5.5,NA,NA,1
"335","B25","1","1","1",5,3,6,37,3,30.5,2.5,NA,NA,3.5
"336","B25","1","1","1",6,0,1.5,13.5,1,2,1,NA,NA,0
"337","B25","1","1","2",1,32,8.5,140,1,19,7,NA,NA,3
"338","B25","1","1","2",2,12,8,82.5,3,17,6,NA,NA,4
"339","B25","1","1","2",3,19,7,145,3,46,3.5,NA,NA,3
"340","B25","1","1","2",4,10.5,7.5,79,2.5,15,4,NA,NA,4
"341","B25","1","1","2",5,3.5,3.5,40,3.5,154.5,2,NA,NA,3
"342","B25","1","1","2",6,10,7.5,59,2,101,3,NA,NA,3.5
"343","B26","1","1","1",1,30.5,8,139,5.5,72,8,NA,NA,3
"344","B26","1","1","1",2,7,6,92,5,131,8,NA,NA,1.5
"345","B26","1","1","1",3,8.5,5,111,3.5,117,9,NA,NA,1
"346","B26","1","1","1",4,9.5,4.5,23,5,248,11,NA,NA,1
"347","B26","1","1","1",5,6.5,4,124.5,2.5,113.5,4,NA,NA,1
"348","B26","1","1","1",6,6,2.5,256.5,1,5,3,NA,NA,0
"349","B282","1",NA,"1",1,25.5,6.5,194.5,3,32,12,NA,NA,3
"350","B282","1",NA,"1",2,17.5,5,189.5,2,32,5.5,NA,NA,2
"351","B282","1",NA,"1",3,9,1,302,0,0,6,NA,NA,0
"352","B282","1",NA,"1",4,20.5,5,209.5,1.5,23.5,8,NA,NA,3
"353","B282","1",NA,"1",5,5.5,4.5,139.5,4.5,144.5,9,NA,NA,0
"354","B282","1",NA,"1",6,20.5,2.5,180,2.5,108.5,8.5,NA,NA,0
"355","B282","1",NA,"2",1,36.5,6,162,0,0,2,NA,NA,6
"356","B282","1",NA,"2",2,19.5,5,125,1,48.5,1,NA,NA,5
"357","B282","1",NA,"2",3,23.5,5.5,139.5,1,33.5,3,NA,NA,4.5
"358","B282","1",NA,"2",4,23.5,6,105,3,85,5,NA,NA,4
"359","B282","1",NA,"2",5,22.5,8,103,2,30,0.5,NA,NA,7
"360","B282","1",NA,"2",6,21.5,2.5,242.5,1,8.5,0,NA,NA,0
"361","B422","2","2","1",1,15,8,92,2,19,0,7,18,7
"362","B422","2","2","1",2,20,11,137,1,4,0,3,3,6
"363","B422","2","2","1",3,29,8,156,3,45,0,3,8,3
"364","B422","2","2","1",4,21,7,144,3,65,0,0,0,0
"365","B422","2","2","1",5,25,8,160,1,30,0,5,20,1
"366","B422","2","2","1",6,11,9,107,0,0,0,6,14,6
"367","B437","1","1","2",1,24.5,5.5,188,1.5,8,1,NA,NA,3.5
"368","B437","1","1","2",2,9,4.5,165.5,2,31,0.5,NA,NA,3
"369","B437","1","1","2",3,9.5,4.5,157.5,1.5,37,0.5,NA,NA,3.5
"370","B437","1","1","2",4,9,4.5,122.5,3,58,0.5,NA,NA,2.5
"371","B437","1","1","2",5,10,3,137.5,2.5,66.5,1,NA,NA,2
"372","B437","1","1","2",6,6.5,4.5,120,3,70.5,2,NA,NA,1
"373","B447","1","2","1",1,19.75,2.5,178.25,3.5,108.75,5,NA,NA,0
"374","B447","1","2","1",2,0,1.5,3,2.5,287,5.25,NA,NA,0
"375","B447","1","2","1",3,0,2.75,22,5.5,244.75,3,NA,NA,0
"376","B447","1","2","1",4,0,1.25,14.5,4.5,116,1,NA,NA,0
"377","B447","1","2","1",5,0,0,0,0.5,71.25,1,NA,NA,0
"378","B447","1","2","1",6,0,0,0,0.25,73,0,NA,NA,0
"379","B447","1","2","2",1,31,5.5,150.5,2.5,32,4.5,NA,NA,2
"380","B447","1","2","2",2,21.5,3.5,179,2,28,3.5,NA,NA,1
"381","B447","1","2","2",3,19,6.5,127,1,12,1.5,NA,NA,4.5
"382","B447","1","2","2",4,11.5,4,106,1.5,54,0.5,NA,NA,4.5
"383","B447","1","2","2",5,22,3,171,1.5,4,1,NA,NA,3
"384","B447","1","2","2",6,10,2.5,63,2,95,0,NA,NA,2.5
"385","B454","1","1","2",1,7.5,5.5,166.5,1.5,35.5,1,NA,NA,3
"386","B454","1","1","2",2,24.5,3.5,219.5,2.5,24,2,NA,NA,1
"387","B454","1","1","2",3,5,6,181,3,35.5,2,NA,NA,3
"388","B454","1","1","2",4,13,2,113.5,2,44.5,1,NA,NA,1
"389","B454","1","1","2",5,11.5,4,164.5,1.5,46,0,NA,NA,3
"390","B454","1","1","2",6,5.5,5,165,2.5,31.5,2,NA,NA,2
"391","B456","2","2","1",1,3.5,8,37,1,2,0,NA,NA,10
"392","B456","2","2","1",2,5.5,3,25.5,0,0,0,NA,NA,7
"393","B456","2","2","1",3,2,1,2,1,68,1,NA,NA,5
"394","B456","2","2","1",4,2.5,4.5,43.92,1.5,31.5,0,NA,NA,5
"395","B456","2","2","1",5,4,2.5,34,0,0,0,NA,NA,1
"396","B456","2","2","1",6,6,6,87.5,2.5,19,0,NA,NA,2
"397","B457","2","2","1",1,7.5,5,24.5,0.5,0.5,0,NA,NA,10
"398","B457","2","2","1",2,3,6,30.5,2.5,10.5,0,NA,NA,9
"399","B457","2","2","1",3,5.5,4,20.5,2,5.5,0,NA,NA,7
"400","B457","2","2","1",4,5,5.5,31.5,1,5.5,0,NA,NA,7
"401","B457","2","2","1",5,5,5,19.5,4.5,44.5,1,NA,NA,1
"402","B457","2","2","1",6,9,6,32,2.5,38.5,1,NA,NA,2
"403","B458","2","2","1",1,9,13,66,3,22,0,8,20,7
"404","B458","2","2","1",2,15,7,52,0,0,0,9,23,9
"405","B458","2","2","1",3,9,4,109,2,129,1,2,14,1
"406","B458","2","2","1",4,1,5,20,1,1,0,5,160,4
"407","B458","2","2","1",5,5,8,32,1,2,0,10,55,6
"408","B458","2","2","1",6,10,7,82,5,40,0,7,27,5
"409","B459","2","2","1",1,14,11,119,6,46,1,2,4,4
"410","B459","2","2","1",2,4,9,199,1,6,0,3,18,3
"411","B459","2","2","1",3,1,6,156,4,40,0,2,6,1
"412","B459","2","2","1",4,5,7,192,0,0,0,2,2,4
"413","B459","2","2","1",5,7,9,219,2,8,0,4,20,1
"414","B459","2","2","1",6,0,6,49,6,173,0,3,5,1
"415","B460","2","2","2",1,12,10,85,2,7,0,5,33,8
"416","B460","2","2","2",2,10,12,100,1,11,0,7,18,8
"417","B460","2","2","2",3,3,5,44,2,28,0,6,58,7
"418","B460","2","2","2",4,6,7,38,0,0,0,7,32,9
"419","B460","2","2","2",5,10,7,77,2,87,0,3,8,5
"420","B460","2","2","2",6,23,6,184,3,12,0,1,3,3
"421","B463","2","2","2",1,6,9,72,0,0,0,9,31,10
"422","B463","2","2","2",2,7,6,91,1,31,0,7,20,8
"423","B463","2","2","2",3,5,8,112,1,2,0,8,46,6
"424","B463","2","2","2",4,6,7,119,1,17,0,5,40,5
"425","B463","2","2","2",5,11,7,159,4,57,0,3,11,4
"426","B463","2","2","2",6,20,6,156,0,0,0,6,46,4
"427","B474","2","2","1",1,14.5,3,50,1,6.5,0,NA,NA,7
"428","B474","2","2","1",2,10,5,44,1,6.5,0,NA,NA,8.5
"429","B474","2","2","1",3,5,3.5,28,1,23,1,NA,NA,3
"430","B474","2","2","1",4,11.5,8,120,0.5,2.5,0,NA,NA,5
"431","B474","2","2","1",5,4,5,28,0,0,0,NA,NA,4
"432","B474","2","2","1",6,1.5,4.5,66.5,4,120.5,1,NA,NA,1
"433","B475","2","2","2",1,21,11,109,1,6,0,6,9,8
"434","B475","2","2","2",2,13,6,110,1,1,0,7,45,7
"435","B475","2","2","2",3,13,8,113,3,15,0,7,15,7
"436","B475","2","2","2",4,13,9,119,2,23,0,6,31,7
"437","B475","2","2","2",5,6,12,91,4,37,0,5,8,7
"438","B475","2","2","2",6,15,11,145,1,6,0,7,20,6
"439","B476","2","2","1",1,8,5,38,0,0,0,5,8,10
"440","B476","2","2","1",2,6,7,21,1,23,0,5,26,8
"441","B476","2","2","1",3,3,5,28,1,6,0,6,90,6
"442","B476","2","2","1",4,14,8,68,0,0,0,4,9,6
"443","B476","2","2","1",5,9,8,82,2,24,0,0,0,4
"444","B476","2","2","1",6,12,9,205,1,1,9,1,2,2
"445","B478","2","2","1",1,4,8,50,2,29,0,7,10,6
"446","B478","2","2","1",2,8,9,89,1,2,0,1,9,3
"447","B478","2","2","1",3,14,3,130,2,78,0,0,0,2
"448","B478","2","2","1",4,11,3,147,1,2,0,5,21,3
"449","B478","2","2","1",5,3,6,46,2,41,0,5,19,5
"450","B478","2","2","1",6,5,6,45,3,24,0,2,3,2
"451","B484","2","2","2",1,11,8,138,2,14,0,5,12,8
"452","B484","2","2","2",2,21,9,108,1,4,0,2,2,9
"453","B484","2","2","2",3,16,12,83,1,20,0,4,44,7
"454","B484","2","2","2",4,12,6,182,0,0,0,1,2,6
"455","B484","2","2","2",5,26,11,89,2,12,0,3,7,8
"456","B484","2","2","2",6,12,7,184,1,8,0,2,2,5
"457","B485","2","2","2",1,27,9,130,0,0,0,4,15,9
"458","B485","2","2","2",2,10,7,73,2,14,0,6,30,8
"459","B485","2","2","2",3,14,10,102,1,2,0,7,23,8
"460","B485","2","2","2",4,13,12,107,3,11,0,4,31,8
"461","B485","2","2","2",5,14,6,149,0,0,0,5,45,4
"462","B485","2","2","2",6,13,6,175,1,36,0,3,19,3
"463","B486","2","2","1",1,18,12,145,1,8,0,2,4,6
"464","B486","2","2","1",2,21,15,113,4,27,0,1,2,4
"465","B486","2","2","1",3,14,9,126,2,7,0,1,34,5
"466","B486","2","2","1",4,11,11,50,1,18,0,5,19,6
"467","B486","2","2","1",5,11,5,146,1,15,0,0,0,0
"468","B486","2","2","1",6,13,12,141,6,36,0,1,2,0
"469","B487","2","2","1",1,0,0,0,0,0,0,0,0,0
"470","B487","2","2","1",2,0,0,0,0,0,0,0,0,0
"471","B487","2","2","1",3,0,0,0,0,0,0,0,0,0
"472","B487","2","2","1",4,0,0,0,0,0,0,0,0,0
"473","B487","2","2","1",5,0,0,0,0,0,0,0,0,0
"474","B487","2","2","1",6,0,0,0,0,0,0,0,0,0
"475","B491","1","1","1",1,25.5,6,163,2.5,49,7.5,NA,NA,4
"476","B491","1","1","1",2,11,6,78.5,4.5,144.5,6,NA,NA,3
"477","B491","1","1","1",3,10,7,174.5,3.5,47.5,4,NA,NA,3
"478","B491","1","1","1",4,8,5,128.5,6.5,145,7,NA,NA,0
"479","B491","1","1","1",5,15,6.5,168,5.5,63,3.5,NA,NA,2
"480","B491","1","1","1",6,18.5,3,207.5,3,53,3,NA,NA,1
"481","B491","1","1","2",1,38,8.5,146.5,0.5,2,0.5,NA,NA,6
"482","B491","1","1","2",2,19,10,123.5,1.5,17,3,NA,NA,6
"483","B491","1","1","2",3,30,6,185,3.5,48,4.5,NA,NA,2
"484","B491","1","1","2",4,13,6.5,139,0,0,0,NA,NA,5
"485","B491","1","1","2",5,13.5,4.5,137,3,63,4,NA,NA,3
"486","B491","1","1","2",6,6.5,4.5,48,3,79.5,1,NA,NA,4
"487","B504","1",NA,"1",1,18,2,187.5,1,7,5,NA,NA,1
"488","B504","1",NA,"1",2,12.5,5,104.5,2,87,6,NA,NA,4
"489","B504","1",NA,"1",3,2.5,1,2,2.5,252.5,9,NA,NA,2
"490","B504","1",NA,"1",4,8,3.5,44,2.5,165.5,6,NA,NA,3
"491","B504","1",NA,"1",5,6.5,3,46.5,3,180,6.5,NA,NA,3
"492","B504","1",NA,"1",6,6,2,276,1,8,3.5,NA,NA,0.5
"493","B504","1",NA,"2",1,15,6.5,101.5,2,14,6,NA,NA,6
"494","B504","1",NA,"2",2,13.5,4.5,119,1,44,3,NA,NA,4
"495","B504","1",NA,"2",3,12,6,143,2,43,2,NA,NA,4
"496","B504","1",NA,"2",4,2.5,3,20.5,3,187,2.5,NA,NA,1
"497","B504","1",NA,"2",5,10.5,5.5,46,2.5,123.5,3.5,NA,NA,4
"498","B504","1",NA,"2",6,19,3,263,0,0,2,NA,NA,1
"499","G116","2","2","2",1,12,7,111,6,65,0,3,11,5
"500","G116","2","2","2",2,8,6,170,3,51,0,3,15,2
"501","G116","2","2","2",3,3,3,45,3,153,2,4,34,2
"502","G116","2","2","2",4,6,8,120,2,29,0,2,19,6
"503","G116","2","2","2",5,4,4,86,1,53,0,5,105,3
"504","G116","2","2","2",6,7,7,105,3,54,0,4,32,4
"505","G117","2","2","2",1,26,8,156,1,9,0,2,5,9
"506","G117","2","2","2",2,10,6,55,1,37,1,5,43,7
"507","G117","2","2","2",3,10,10,133,1,4,2,5,31,5
"508","G117","2","2","2",4,6,5,85,1,107,0,4,28,3
"509","G117","2","2","2",5,7,3,59,2,166,1,0,0,2
"510","G117","2","2","2",6,20,6,203,3,26,0,8,38,1
"511","G118","2","2","2",1,12,7,112,2,65,0,4,9,7
"512","G118","2","2","2",2,9,7,138,2,41,0,5,43,3
"513","G118","2","2","2",3,2,2,53,1,144,0,4,74,2
"514","G118","2","2","2",4,1,2,21,1,2,0,4,185,4
"515","G118","2","2","2",5,3,4,88,2,145,0,1,16,1
"516","G118","2","2","2",6,3,4,66,2,38,0,4,119,3
"517","G119","2","2","2",1,6,7,104,3,26,1,4,10,8
"518","G119","2","2","2",2,6,5,48,3,124,0,3,16,5
"519","G119","2","2","2",3,10,6,197,2,20,0,3,14,4
"520","G119","2","2","2",4,2,8,85,1,75,0,3,9,6
"521","G119","2","2","2",5,3,5,56,1,59,0,5,30,6
"522","G119","2","2","2",6,0,2,14,2,26,0,4,166,4
"523","G120","2","2","2",1,17,9,134,1,1,0,6,18,7
"524","G120","2","2","2",2,7,7,106,3,79,1,3,6,5
"525","G120","2","2","2",3,8,8,95,5,63,0,2,6,7
"526","G120","2","2","2",4,12,7,112,3,56,0,2,14,5
"527","G120","2","2","2",5,7,7,74,3,83,0,4,66,3
"528","G120","2","2","2",6,8,7,137,2,37,0,6,40,4
"529","G122","2","2","1",1,6,6,111,2,7,0,6,22,6
"530","G122","2","2","1",2,6,5,69,1,65,0,5,16,5
"531","G122","2","2","1",3,3,4,98,1,6,0,4,13,4
"532","G122","2","2","1",4,5,4,81,1,74,0,4,16,2
"533","G122","2","2","1",5,7,4,93,0,0,0,5,25,4
"534","G122","2","2","1",6,10,6,111,0,0,0,5,16,2
"535","G124","2","2","2",1,8,4,89,3,73,1,5,21,7
"536","G124","2","2","2",2,5,8,112,5,82,1,1,5,5
"537","G124","2","2","2",3,2,6,70,2,78,0,5,26,5
"538","G124","2","2","2",4,6,4,76,2,147,0,2,12,3
"539","G124","2","2","2",5,10,8,111,1,5,0,5,48,6
"540","G124","2","2","2",6,2,5,87,5,190,0,0,0,0
"541","G126","2","2","1",1,4,5.33333333333333,21,1,2.33333333333333,0,10.3333333333333,34.3333333333333,10.3333333333333
"542","G126","2","2","1",2,1,4.33333333333333,19.3333333333333,3,49.6666666666667,0,6,25.3333333333333,5.33333333333333
"543","G126","2","2","1",3,1.33333333333333,2.66666666666667,19.6666666666667,1.66666666666667,24,0,8.66666666666667,26,9.66666666666667
"544","G126","2","2","1",4,2.66666666666667,4,51.3333333333333,0,0,0,9.33333333333333,38.6666666666667,8
"545","G126","2","2","1",5,5.66666666666667,3.66666666666667,101,2.66666666666667,78.6666666666667,0,2,6.33333333333333,2
"546","G126","2","2","1",6,2.33333333333333,1.33333333333333,5,4.33333333333333,194.333333333333,1,4,19.6666666666667,2
"547","G126","2","2","2",1,7,10,87,4,24,1,8,18,9
"548","G126","2","2","2",2,9,10,88,3,33,0,5,11,7
"549","G126","2","2","2",3,8,6,191,0,0,0,1,3,6
"550","G126","2","2","2",4,9,6,192,0,0,0,2,4,4
"551","G126","2","2","2",5,2,6,40,4,178,1,1,6,4
"552","G126","2","2","2",6,1,8,81,3,21,0,7,48,6
"553","G127","2","2","1",1,3.33333333333333,5,43.55,1,31,0,4.33333333333333,15.6666666666667,7
"554","G127","2","2","1",2,5,5,111,1,2.33333333333333,0,5.66666666666667,31.6666666666667,3
"555","G127","2","2","1",3,2.66666666666667,5.33333333333333,80,1,1.66666666666667,0,3.33333333333333,42,6.33333333333333
"556","G127","2","2","1",4,3.66666666666667,3,107,0.333333333333333,3.33333333333333,0,4.33333333333333,23,3.66666666666667
"557","G127","2","2","1",5,3,1.66666666666667,226.666666666667,0,0,0,1,3,1
"558","G127","2","2","1",6,5,3,181.333333333333,1.33333333333333,10.3333333333333,0,2.33333333333333,10.6666666666667,2
"559","G127","2","2","2",1,11,7,107,1,7,0,5,11,10
"560","G127","2","2","2",2,10,9,142,2,3,0,5,18,6
"561","G127","2","2","2",3,6,4,161,2,107,0,0,0,1
"562","G127","2","2","2",4,15,5,194,1,6,0,5,47,3
"563","G127","2","2","2",5,11,10,102,6,41,0,4,27,5
"564","G127","2","2","2",6,3,7,128,3,17,0,5,34,5
"565","G150","1","1","1",1,4,3.5,98,2,85.5,2,NA,NA,3
"566","G150","1","1","1",2,1.5,3,42,2.5,151,1,NA,NA,3
"567","G150","1","1","1",3,7.5,6,91,3,134,3,NA,NA,3.5
"568","G150","1","1","1",4,8,3,66,2,124,1,NA,NA,1
"569","G150","1","1","1",5,2.5,1,3.5,3,189,2,NA,NA,0
"570","G150","1","1","1",6,1,2,126,2.5,28,0,NA,NA,1
"571","G150","1","1","2",1,9.5,5,136,2,39.5,1,NA,NA,4
"572","G150","1","1","2",2,6,2.5,68.5,3,195,0.5,NA,NA,0
"573","G150","1","1","2",3,5,4.5,110.5,2,18,0.5,NA,NA,3
"574","G150","1","1","2",4,0.5,1.5,9,6,243.5,2,NA,NA,0
"575","G150","1","1","2",5,1,1,31.5,4,162,0,NA,NA,0
"576","G150","1","1","2",6,0,0.5,4,0,0,0,NA,NA,0
"577","G155","1","1","2",1,23.5,5,197,0,3,2,NA,NA,3
"578","G155","1","1","2",2,12,6.5,95.5,5,46,4.5,NA,NA,0
"579","G155","1","1","2",3,11,3,120.21,2,43.695,2.5,NA,NA,4
"580","G155","1","1","2",4,1,1,6.7,3,129,1,NA,NA,0
"581","G155","1","1","2",5,10.5,1.5,130,0.5,1.5,1.5,NA,NA,1
"582","G155","1","1","2",6,8,3,170.5,1.5,86,1,NA,NA,1
"583","G163","2","2","1",1,6.5,5,46.5,1.5,16,0,6.5,21.5,8
"584","G163","2","2","1",2,4.5,4,87.5,2,67.5,0,3.5,22.5,4
"585","G163","2","2","1",3,2,3,21.5,3,29.5,0,4,17,5
"586","G163","2","2","1",4,3.5,0.5,1.5,2,73.5,0,2,11.5,2
"587","G163","2","2","1",5,7.5,4.5,50,1,9.5,0,8,31,8
"588","G163","2","2","1",6,2.5,3,101.5,0,0,0,2.5,8,4
"589","G164","2","2","1",1,4.5,5.5,33,1,4,0,8.5,35.5,9
"590","G164","2","2","1",2,4.5,7.5,63,2.5,25.5,0,7,19.5,6.5
"591","G164","2","2","1",3,4,3.5,58,1,49,0,4.5,31.5,5
"592","G164","2","2","1",4,1,3,50,1.5,90.5,0,3,18,2.5
"593","G164","2","2","1",5,5,3,57.5,2.5,60,0,3.5,31,4
"594","G164","2","2","1",6,3.5,5,125.5,2,43,0,4.5,29,3
"595","G164","2","2","2",1,11,6,149,1,5,0,3,7,8
"596","G164","2","2","2",2,13,7,136,1,14,0,5,20,5
"597","G164","2","2","2",3,8,5,101,3,150,0,0,0,2
"598","G164","2","2","2",4,6,2,156,2,134,0,0,0,0
"599","G164","2","2","2",5,11,7,143,1,9,0,3,17,6
"600","G164","2","2","2",6,8,2,255,0,0,0,1,40,0
"601","G165","2","2","1",1,7.5,4,44.5,2,27,0,6.5,26.5,8
"602","G165","2","2","1",2,7.5,5.5,121.5,3.5,36.5,0,3,18.5,3
"603","G165","2","2","1",3,5,3,66.5,1,15,0,4.5,40,3.5
"604","G165","2","2","1",4,3.5,3,135.5,1.5,7,0,2,81.5,1.5
"605","G165","2","2","1",5,3,3,113,3,79.5,0,3,7,2
"606","G165","2","2","1",6,1,0,0,1,170.5,0,0,0,0
"607","G166","2","2","2",1,12,6,154,1,2,0,3,10,7
"608","G166","2","2","2",2,9,6,196,2,3,0,1,3,5
"609","G166","2","2","2",3,10,4,185,2,15,0,2,5,4
"610","G166","2","2","2",4,7,4,229,0,0,0,2,9,2
"611","G166","2","2","2",5,2,5,230,2,2,0,2,19,2
"612","G166","2","2","2",6,10,7,178,3,27,1,6,65,0
"613","G172","1","1","1",1,5.5,2,44.76,3,172.9,4,NA,NA,1
"614","G172","1","1","1",2,0.5,1,16,3,109.025,2,NA,NA,1
"615","G172","1","1","1",3,3,1,38.17,1,88.31,4,NA,NA,1
"616","G172","1","1","1",4,0,0,0,0,0,0,NA,NA,0
"617","G172","1","1","1",5,0,0.5,2,2,27.585,0.5,NA,NA,0
"618","G172","1","1","1",6,6.5,4,70.825,5,142.35,7,NA,NA,0
"619","G172","1","1","2",1,7.5,4.5,60,4.5,138.5,3.5,NA,NA,1.5
"620","G172","1","1","2",2,3.5,2.5,28,2.5,87,2,NA,NA,2
"621","G172","1","1","2",3,0.5,1.5,18.5,2.5,138,3.5,NA,NA,0.5
"622","G172","1","1","2",4,0.5,1,9.5,0.5,4,0,NA,NA,0
"623","G172","1","1","2",5,0,0.5,2.5,1,14.5,0.5,NA,NA,0
"624","G172","1","1","2",6,3,2,50,2,57.5,3.5,NA,NA,0
"625","G173","1","1","1",1,11.5,6,205.035,2.5,30.765,6,NA,NA,2
"626","G173","1","1","1",2,2.5,5,140.41,2,45.02,1,NA,NA,2.5
"627","G173","1","1","1",3,5.5,3,209.68,1,31.5,2,NA,NA,1
"628","G173","1","1","1",4,6,2.5,254.975,1.5,32.96,2,NA,NA,0
"629","G173","1","1","1",5,17,3,266.43,2,21.945,2,NA,NA,0
"630","G173","1","1","1",6,2.5,1,180,0,0,0,NA,NA,0
"631","G174","2","2","1",1,13,8,102,2,16,0,5,18,8
"632","G174","2","2","1",2,13,7,160,0,0,0,7,13,4
"633","G174","2","2","1",3,9,6,69,1,29,0,6,12,6
"634","G174","2","2","1",4,21,5,201,1,3,0,4,7,2
"635","G174","2","2","1",5,23,3,242,1,1,0,2,4,1
"636","G174","2","2","1",6,3,6,131,4,79,0,1,2,0
"637","G174","2","2","2",1,14,9,110,1,7,0,4,8,9
"638","G174","2","2","2",2,10,8,137,2,2,0,4,7,8
"639","G174","2","2","2",3,6,4,199,0,0,0,1,1,5
"640","G174","2","2","2",4,9,8,98,3,55,0,1,1,6
"641","G174","2","2","2",5,12,8,176,3,11,0,2,10,4
"642","G174","2","2","2",6,14,4,222,1,59,0,2,15,1
"643","G175","2","2","1",1,3,2,11,4,22,0,9,28,10
"644","G175","2","2","1",2,5,5,68,2,25,0,7,28,6
"645","G175","2","2","1",3,3,2,32,0,0,0,7,53,7
"646","G175","2","2","1",4,3,3,9,2,67,1,5,102,3
"647","G175","2","2","1",5,4,7,90,1,8,0,6,26,5
"648","G175","2","2","1",6,2,2,76,2,72,0,4,20,2
"649","G175","2","2","2",1,20,11,127,1,9,0,6,11,9
"650","G175","2","2","2",2,8,9,93,6,49,0,5,26,6
"651","G175","2","2","2",3,4,6,124,2,73,0,4,15,5
"652","G175","2","2","2",4,4,5,88,3,164,0,0,0,1
"653","G175","2","2","2",5,7,7,129,3,83,0,4,19,3
"654","G175","2","2","2",6,7,6,154,4,111,0,3,18,1
"655","G176","2","2","1",1,15,10,47,0,0,0,9,25,10
"656","G176","2","2","1",2,11,5,90,2,45,0,5,13,5
"657","G176","2","2","1",3,5,3,37,0,0,0,12,60,9
"658","G176","2","2","1",4,3,8,42,0,0,0,6,13,9
"659","G176","2","2","1",5,14,8,97,2,10,0,7,25,6
"660","G176","2","2","1",6,8,3,76,1,2,0,4,21,2
"661","G176","2","2","2",1,39,8,148,1,2,0,1,2,10
"662","G176","2","2","2",2,29,9,177,4,8,0,2,6,5
"663","G176","2","2","2",3,27,5,223,1,2,0,2,7,3
"664","G176","2","2","2",4,16,7,138,1,27,0,3,8,6
"665","G176","2","2","2",5,21,6,224,3,36,0,2,8,1
"666","G176","2","2","2",6,33,5,255,2,28,0,3,12,0
"667","G177","2","2","1",1,19,6,184,0,0,0,3,7,4
"668","G177","2","2","1",2,22,6,200,2,9,0,4,11,2
"669","G177","2","2","1",3,7,7,156,4,79,0,2,3,1
"670","G177","2","2","1",4,4,8,147,4,42,0,5,48,0
"671","G177","2","2","1",5,0,5,63,5,177,0,0,0,0
"672","G177","2","2","1",6,2,4,190,1,9,0,3,13,3
"673","G178","2","2","1",1,14,9,62,0,0,0,10,23,10
"674","G178","2","2","1",2,13,10,69,0,0,0,8,36,7
"675","G178","2","2","1",3,16,7,143,1,16,0,4,8,5
"676","G178","2","2","1",4,3,9,94,2,29,0,6,25,4
"677","G178","2","2","1",5,14,7,164,1,1,0,4,12,4
"678","G178","2","2","1",6,4,7,80,5,45,0,3,5,3
"679","G178","2","2","2",1,23,9,161,0,0,0,6,13,10
"680","G178","2","2","2",2,12,8,124,3,58,0,2,9,5
"681","G178","2","2","2",3,4,3,150,1,78,0,3,10,3
"682","G178","2","2","2",4,10,8,146,3,39,0,1,8,5
"683","G178","2","2","2",5,8,4,178,3,78,0,0,0,2
"684","G178","2","2","2",6,16,5,158,1,53,0,3,10,4
"685","G182","1","1","1",1,15,7.5,116,3,31,2.5,NA,NA,8
"686","G182","1","1","1",2,10.5,3.5,34.15,4,192.96,8,NA,NA,2
"687","G182","1","1","1",3,16.5,4.5,156.815,3.5,75.395,4.5,NA,NA,2
"688","G182","1","1","1",4,6,3.5,112.5,3.5,104,3,NA,NA,1
"689","G182","1","1","1",5,8.5,5.5,165.5,2,60,5,NA,NA,1
"690","G182","1","1","1",6,5.5,4,210,1,8.19,2,NA,NA,2
"691","G182","1","1","2",1,12.5,4,99.5,0,0,0,NA,NA,7
"692","G182","1","1","2",2,11.5,6.5,113,3,51,2,NA,NA,5
"693","G182","1","1","2",3,25,7,103,0.5,0.5,0.5,NA,NA,4
"694","G182","1","1","2",4,17.5,8,99.5,0.5,1.5,3.5,NA,NA,2
"695","G182","1","1","2",5,7,4,75.5,0,0,0,NA,NA,3
"696","G182","1","1","2",6,9,7.5,86.5,0,0,0,NA,NA,6
"697","G184","2","2","2",1,11,9,117,1,5,0,2,7,9
"698","G184","2","2","2",2,7,7,178,3,15,0,1,2,4
"699","G184","2","2","2",3,11,7,149,3,31,0,5,9,5
"700","G184","2","2","2",4,9,5,211,0,0,0,3,6,4
"701","G184","2","2","2",5,12,2,231,3,43,0,1,4,1
"702","G184","2","2","2",6,17,7,160,3,56,0,4,17,4
"703","G185","2","2","2",1,9,8,126,0,0,0,4,7,6
"704","G185","2","2","2",2,6,8,131,3,12,0,4,15,5
"705","G185","2","2","2",3,6,7,100,1,5,0,5,32,8
"706","G185","2","2","2",4,1,5,138,3,93,1,5,22,2
"707","G185","2","2","2",5,1,4,63,3,186,0,2,6,1
"708","G185","2","2","2",6,4,6,199,2,20,0,4,12,3
"709","G186","2","2","1",1,4,5,117,0,0,0,6,21,6
"710","G186","2","2","1",2,7,4,68,1,3,0,7,65,5
"711","G186","2","2","1",3,7,4,40,3,44,1,7,85,3
"712","G186","2","2","1",4,2,1,156,1,30,1,4,7,1
"713","G186","2","2","1",5,4,2,74,2,74,0,6,18,4
"714","G186","2","2","1",6,8,4,140,1,12,0,5,55,3
"715","G187","2","2","1",1,3,4,27,2,19,0,8,42,8
"716","G187","2","2","1",2,2,1,12,5,115,2,4,7,5
"717","G187","2","2","1",3,2,4,34,6,152,1,5,17,2
"718","G187","2","2","1",4,10,6,60,0,0,0,3,7,5
"719","G187","2","2","1",5,0,2,3,2,54,0,1,1,1
"720","G187","2","2","1",6,2,1,4,2,14,0,7,86,6
"721","G220","2","2","2",1,13,6,213,1,8,0,4,10,4
"722","G220","2","2","2",2,12,6,169,0,0,0,3,5,4
"723","G220","2","2","2",3,5,5,82,1,64,0,5,44,5
"724","G220","2","2","2",4,7,5,179,2,17,0,3,15,4
"725","G220","2","2","2",5,6,4,90,2,182,1,1,4,1
"726","G220","2","2","2",6,12,5,192,0,0,0,2,4,5
"727","G221","2","2","2",1,12,9,125,1,2,0,3,5,9
"728","G221","2","2","2",2,12,3,191,1,11,0,4,14,3
"729","G221","2","2","2",3,6,5,87,4,94,0,2,22,4
"730","G221","2","2","2",4,12,6,199,1,7,0,2,5,4
"731","G221","2","2","2",5,7,6,106,1,3,0,6,63,6
"732","G221","2","2","2",6,9,5,158,1,71,0,3,9,3
"733","G224","2","2","2",1,15,11,122,1,5,0,7,21,9
"734","G224","2","2","2",2,25,5,243,1,1,0,3,11,3
"735","G224","2","2","2",3,8,8,127,1,3,0,7,19,6
"736","G224","2","2","2",4,10,8,91,3,81,0,4,15,5
"737","G224","2","2","2",5,16,6,196,0,0,0,2,6,5
"738","G224","2","2","2",6,18,4,167,2,95,0,1,1,2
"739","G226","2","2","1",1,8,5,47,1,2,0,6,18,6
"740","G226","2","2","1",2,4,5,61,3,100,0,3,16,3
"741","G226","2","2","1",3,1,1,9,1,203,0,1,3,1
"742","G226","2","2","1",4,4,2,30,3,80,1,4,14,2
"743","G226","2","2","1",5,0,2,18,4,22,0,0,0,0
"744","G226","2","2","1",6,0,1,6,1,6,0,0,0,0
"745","G231","2","2","1",1,10,6,97,3,4,1,5,12,6
"746","G231","2","2","1",2,6,4,29,3,103,0,6,12,5
"747","G231","2","2","1",3,2,2,24,2,147,1,1,2,2
"748","G231","2","2","1",4,0,1,28,1,34,0,0,0,0
"749","G231","2","2","1",5,1,1,6,3,36,1,1,3,1
"750","G231","2","2","1",6,7,4,63,4,14,1,9,33,6
"751","G233","2","2","1",1,2,2,46,0,0,0,0,0,0
"752","G233","2","2","1",2,0,1,31,0,0,0,2,6,0
"753","G233","2","2","1",3,0,1,13,0,0,0,0,0,0
"754","G233","2","2","1",4,2,2,123,1,13,0,3,7,1
"755","G233","2","2","1",5,2,2,13,1,95,0,5,9,2
"756","G233","2","2","1",6,0,1,40,0,0,1,8,20,0
"757","G254","1",NA,"1",1,13.5,6.5,145.435,2,39.19,4,NA,NA,5
"758","G254","1",NA,"1",2,9.5,6,142,4.5,109.75,7,NA,NA,1
"759","G254","1",NA,"1",3,6.5,5,120.905,3,131.87,8,NA,NA,1
"760","G254","1",NA,"1",4,7,4,182.685,0,0,2,NA,NA,4
"761","G254","1",NA,"1",5,10,4,183.5,1,67.92,5,NA,NA,2
"762","G254","1",NA,"1",6,6,2.5,212.5,0.5,9.355,3,NA,NA,1
"763","G254","1",NA,"2",1,22,6,130,1.5,24,0.5,NA,NA,4.5
"764","G254","1",NA,"2",2,20,4.5,218.5,1,9,2,NA,NA,2
"765","G254","1",NA,"2",3,14.5,6.5,158,3.5,40,1.5,NA,NA,1.5
"766","G254","1",NA,"2",4,21,4.5,112.5,2,34,1,NA,NA,3
"767","G254","1",NA,"2",5,11,5,172.5,0.5,15.5,1,NA,NA,3
"768","G254","1",NA,"2",6,17.5,5.5,208.5,1,21,1.5,NA,NA,2
"769","G258","1","2","1",1,27,5.5,114.02,3,76.81,8,NA,NA,3
"770","G258","1","2","1",2,3,2,25.925,4.5,236.195,7,NA,NA,0
"771","G258","1","2","1",3,10.5,5,129.56,0.5,29.655,3.5,NA,NA,5
"772","G258","1","2","1",4,7,2.5,124.745,1.5,156.4,5.5,NA,NA,3
"773","G258","1","2","1",5,5,4,135.135,3.5,42.675,4,NA,NA,2
"774","G258","1","2","1",6,9,4,89.285,4,58.515,5,NA,NA,2
"775","G258","1","2","2",1,18.5,5.5,126.5,3,101.84,1,NA,NA,3
"776","G258","1","2","2",2,14.5,7,164.5,1,25.745,1,NA,NA,5
"777","G258","1","2","2",3,8.5,4.5,137,2,102.975,2,NA,NA,2
"778","G258","1","2","2",4,6.5,4,120.64,1.5,84.5,1,NA,NA,3
"779","G258","1","2","2",5,7,3.5,149.5,2,62.685,1,NA,NA,2
"780","G258","1","2","2",6,17,4.5,237.745,1,4.82,0,NA,NA,3
"781","G266","1","2","1",1,19,6,140.356666666667,1.66666666666667,34.63,5,NA,NA,5
"782","G266","1","2","1",2,10,4,125.046666666667,3.66666666666667,102.786666666667,5.66666666666667,NA,NA,1
"783","G266","1","2","1",3,3.33333333333333,2.66666666666667,71.0266666666667,3.33333333333333,115.586666666667,5.33333333333333,NA,NA,1
"784","G266","1","2","1",4,1.33333333333333,0,0,2.33333333333333,232.003333333333,9.66666666666667,NA,NA,0
"785","G266","1","2","1",5,1.66666666666667,1,10.2133333333333,1.33333333333333,77.12,4.33333333333333,NA,NA,1
"786","G266","1","2","1",6,5.33333333333333,2.66666666666667,23.67,3.66666666666667,77.0766666666667,5.66666666666667,NA,NA,1
"787","G266","1","2","2",1,17.5,5.5,171,0,0,1,NA,NA,5
"788","G266","1","2","2",2,14,5.5,224.5,2,11,0.5,NA,NA,2
"789","G266","1","2","2",3,4,6.5,155.5,1.5,15.5,0.5,NA,NA,5
"790","G266","1","2","2",4,6,5,162.5,0,0,1.5,NA,NA,3.5
"791","G266","1","2","2",5,0.5,3,86.5,1.5,45.235,0.5,NA,NA,2
"792","G266","1","2","2",6,6,4.5,185,2,73.1,3.5,NA,NA,0
"793","G279","1",NA,"1",1,12,4.5,80.565,2.5,165.085,8.5,NA,NA,2
"794","G279","1",NA,"1",2,6.5,5.5,90.205,3.5,160,7,NA,NA,2
"795","G279","1",NA,"1",3,4.5,6.5,117.69,5.5,107.87,6.5,NA,NA,2
"796","G279","1",NA,"1",4,0,1,53.5,1,80,2,NA,NA,0
"797","G279","1",NA,"1",5,3,2.5,41,2,196.25,5.5,NA,NA,1
"798","G279","1",NA,"1",6,1,2,40,1,22.5,2,NA,NA,1
"799","G279","1",NA,"2",1,20.5,8,96,2.5,66,3,NA,NA,6
"800","G279","1",NA,"2",2,17,8.5,152.5,3,34,3,NA,NA,5
"801","G279","1",NA,"2",3,10.5,6,157.5,2.5,34,3,NA,NA,3
"802","G279","1",NA,"2",4,11.5,8,101.5,3.5,91,1,NA,NA,4
"803","G279","1",NA,"2",5,8.5,4,131,1,20,2.5,NA,NA,3
"804","G279","1",NA,"2",6,13,7.5,161,4.5,49,2.5,NA,NA,3
"805","G311","1",NA,"2",1,19.5,5,203,0.5,1.5,0,NA,NA,4
"806","G311","1",NA,"2",2,19,3,195.5,0,0,0,NA,NA,3
"807","G311","1",NA,"2",3,13,3.5,216,0,0,0,NA,NA,3
"808","G311","1",NA,"2",4,7.5,4,233,1.5,7,1,NA,NA,2
"809","G311","1",NA,"2",5,12,4.5,225,1,7.5,0,NA,NA,2
"810","G311","1",NA,"2",6,12.5,6,149,1.5,11.5,1,NA,NA,1
"811","G327","1",NA,"1",1,3,3,32.51,1,218.435,5.5,NA,NA,2
"812","G327","1",NA,"1",2,12,4,146.89,1.5,73.14,6.5,NA,NA,3.5
"813","G327","1",NA,"1",3,3.5,1,9.385,2.5,283.565,7.5,NA,NA,0.5
"814","G327","1",NA,"1",4,4.5,5.5,80.96,2.5,112.9,3,NA,NA,2.5
"815","G327","1",NA,"1",5,0,1,13.085,1,49.68,0.5,NA,NA,0
"816","G327","1",NA,"1",6,0,1,13.395,0,0,0,NA,NA,0
"817","G327","1",NA,"2",1,6,6.5,62.5,0.5,101.5,3,NA,NA,6
"818","G327","1",NA,"2",2,14.5,6.5,109.5,2,43,5.5,NA,NA,5
"819","G327","1",NA,"2",3,16,5,47,2.5,143,5,NA,NA,3.5
"820","G327","1",NA,"2",4,6,4,46.5,2,122,3.5,NA,NA,2.5
"821","G327","1",NA,"2",5,9,9,32,1.5,40,1,NA,NA,3.5
"822","G327","1",NA,"2",6,9,5,51.5,0,0,1,NA,NA,4
"823","G365","1",NA,"1",1,11,5.75,125.25,2.75,79.375,6,NA,NA,4
"824","G365","1",NA,"1",2,12.5,4.25,192.375,0.75,11.5,3,NA,NA,3
"825","G365","1",NA,"1",3,10,4.5,174.375,1,29.6775,3,NA,NA,4
"826","G365","1",NA,"1",4,3.5,3.75,100.4125,5.25,153.8575,8.75,NA,NA,1
"827","G365","1",NA,"1",5,0.25,3,23.49,4.5,253.3725,6.5,NA,NA,0
"828","G365","1",NA,"1",6,1,3.25,33.535,4.5,40.32,2,NA,NA,0
"829","G392","1",NA,"1",1,34,3,242.605,1,31.29,8,NA,NA,1
"830","G392","1",NA,"1",2,8.5,4,121.82,2,148.31,7.5,NA,NA,1.5
"831","G392","1",NA,"1",3,26.5,5,181.64,1,15.285,7,NA,NA,2
"832","G392","1",NA,"1",4,8.5,4,118.675,3,146,9,NA,NA,1
"833","G392","1",NA,"1",5,1,4,67.5,4,95,6,NA,NA,0
"834","G392","1",NA,"1",6,0,0,0,0,0,0,NA,NA,0
"835","G614","1",NA,"1",1,26.5,4,78,2,51.43,6,NA,NA,3
"836","G614","1",NA,"1",2,21,3,47.7,3,113.76,5,NA,NA,3
"837","G614","1",NA,"1",3,9,2.5,22.625,3,255.605,6,NA,NA,0
"838","G614","1",NA,"1",4,14,3,66.795,3,172.305,3,NA,NA,1
"839","G614","1",NA,"1",5,7,3.5,46,4.5,223,3,NA,NA,1
"840","G614","1",NA,"1",6,15.5,4,111.5,4,104.29,5,NA,NA,2
"841","G614","1",NA,"2",1,22,7.5,132.5,0.5,2.5,1,NA,NA,7
"842","G614","1",NA,"2",2,23,5,196,0.5,0.5,0.5,NA,NA,3.5
"843","G614","1",NA,"2",3,26.5,3.5,216,0,0,0.5,NA,NA,2
"844","G614","1",NA,"2",4,16,6.5,124,0,0,1,NA,NA,7
"845","G614","1",NA,"2",5,11.5,5,123.5,0,0,0,NA,NA,5
"846","G614","1",NA,"2",6,16.5,4.5,146.5,1.5,37.5,0,NA,NA,3
"847","T159","2","2","2",1,29,9,95,2,17,0,5,9,10
"848","T159","2","2","2",2,17,10,124,4,72,0,3,6,4
"849","T159","2","2","2",3,13,6,111,2,11,0,4,26,7
"850","T159","2","2","2",4,24,7,139,2,50,0,4,12,4
"851","T159","2","2","2",5,18,7,191,5,60,0,1,20,1
"852","T159","2","2","2",6,9,6,164,1,2,0,3,9,5
"853","T160","2","2","2",1,36,8,131,1,5,0,7,18,9
"854","T160","2","2","2",2,33,8,192,3,13,0,2,5,4
"855","T160","2","2","2",3,12,10,110,1,22,0,4,9,8
"856","T160","2","2","2",4,20,4,213,1,2,0,2,38,1
"857","T160","2","2","2",5,27,5,255,1,21,0,4,19,0
"858","T160","2","2","2",6,27,5,237,1,7,0,4,24,1
"859","T213","1","2","1",1,21,5,138.285,1,27.135,3,NA,NA,5
"860","T213","1","2","1",2,10,3,215.055,1,4.045,4.5,NA,NA,1
"861","T213","1","2","1",3,11.5,4.5,76.45,3,33.265,6,NA,NA,3
"862","T213","1","2","1",4,10,3,172.045,2,90.26,7.5,NA,NA,0
"863","T213","1","2","1",5,5.5,3.5,187.875,0,0,3,NA,NA,2
"864","T213","1","2","1",6,1,1,155.915,1,38.985,2,NA,NA,0
"865","T213","1","2","2",1,22.5,7.5,91,0.5,1.5,4,NA,NA,5
"866","T213","1","2","2",2,10.5,6.5,74,0,0,0.5,NA,NA,4
"867","T213","1","2","2",3,15,5,82,0,0,7,NA,NA,5
"868","T213","1","2","2",4,7,3.5,80,1,9,3,NA,NA,2
"869","T213","1","2","2",5,12,5,87,0,0,2,NA,NA,4
"870","T213","1","2","2",6,10.5,5,82.5,1,7.5,3,NA,NA,4
"871","T217","1","1","1",1,11.5,3.5,252,0,0,1.5,NA,NA,2
"872","T217","1","1","1",2,12.5,2.5,265,1.5,10.5,2.5,NA,NA,1
"873","T217","1","1","1",3,12.5,3.5,248,0.5,0.5,2,NA,NA,2
"874","T217","1","1","1",4,7.5,3,172,2,46.5,3,NA,NA,0
"875","T217","1","1","1",5,4,1,264,0,0,2,NA,NA,0
"876","T217","1","1","1",6,12.5,2.5,164,1,104,6,NA,NA,1
"877","T217","1","1","2",1,21.5,5.5,176.5,1,4.5,1,NA,NA,4
"878","T217","1","1","2",2,18,5,122.5,3,43.5,1.5,NA,NA,3
"879","T217","1","1","2",3,15.5,5,118,3.5,62.5,3,NA,NA,2
"880","T217","1","1","2",4,19,5,77.5,2.5,93.5,3,NA,NA,3
"881","T217","1","1","2",5,14,7,113.5,4.5,85.5,3,NA,NA,3
"882","T217","1","1","2",6,16.5,6,165,0.5,0.5,0.5,NA,NA,5
"883","T218","1","1","1",1,18.5,7.5,136.5,0,0,2,NA,NA,8
"884","T218","1","1","1",2,9,6,136,2,50,3,NA,NA,4.5
"885","T218","1","1","1",3,15.5,4,231,0,0,3,NA,NA,3
"886","T218","1","1","1",4,15.5,3.5,188,2,51.5,4,NA,NA,1
"887","T218","1","1","1",5,1.5,2.5,96.5,2,153,3,NA,NA,0
"888","T218","1","1","1",6,5,3,93,0.5,5.5,2,NA,NA,2
"889","T218","1","1","2",1,18,8.5,74.5,0,0,0,NA,NA,7.5
"890","T218","1","1","2",2,25.5,5,158,0,0,0,NA,NA,5
"891","T218","1","1","2",3,20,9,115,0.5,1.5,1,NA,NA,6
"892","T218","1","1","2",4,18.5,8,114.5,1,11,1,NA,NA,5
"893","T218","1","1","2",5,21,5.5,165.5,1,13,0.5,NA,NA,5
"894","T218","1","1","2",6,13,7,120.5,1.5,25.5,0.5,NA,NA,5
"895","T234","1",NA,"1",1,28,5.5,182.5,0,0,2,NA,NA,5
"896","T234","1",NA,"1",2,9,6.5,131.5,2.5,62,4.5,NA,NA,4
"897","T234","1",NA,"1",3,2.5,3.5,86,3.5,162,6,NA,NA,1
"898","T234","1",NA,"1",4,0,0.5,1,2,260,4,NA,NA,1
"899","T234","1",NA,"1",5,0,0,0,1,124.5,1,NA,NA,0
"900","T234","1",NA,"1",6,0,1,24.5,0,0,0,NA,NA,0
"901","T234","1",NA,"2",1,25.5,8.5,121,0,0,0.5,NA,NA,7
"902","T234","1",NA,"2",2,15.5,6.5,176.5,0,0,0.5,NA,NA,5
"903","T234","1",NA,"2",3,14.5,7,129.5,0,0,0,NA,NA,7
"904","T234","1",NA,"2",4,19.5,4,193.5,0,0,0,NA,NA,4
"905","T234","1",NA,"2",5,25.5,5.5,147.5,1,26.5,1,NA,NA,4
"906","T234","1",NA,"2",6,45.5,6.5,172,1.5,4.5,1,NA,NA,3.5
"907","T250","1",NA,"1",1,5,5,93,5,88.5,7.5,NA,NA,2
"908","T250","1",NA,"1",2,7,2.5,39,2,178.5,3.5,NA,NA,3
"909","T250","1",NA,"1",3,0.5,2,28,3,74,3.5,NA,NA,0
"910","T250","1",NA,"1",4,0,0,0,1,52.5,0,NA,NA,0
"911","T250","1",NA,"1",5,1.5,1.5,23.5,1,34,2,NA,NA,0
"912","T250","1",NA,"1",6,4,2,76.5,0,0,2,NA,NA,1
"913","T250","1",NA,"2",1,16.5,12,88,1,14.5,1,NA,NA,6
"914","T250","1",NA,"2",2,16,8,148,0,0,0,NA,NA,4
"915","T250","1",NA,"2",3,11.5,7,101.5,4,116,3,NA,NA,1
"916","T250","1",NA,"2",4,22,7,111,3,46.5,1.5,NA,NA,4
"917","T250","1",NA,"2",5,12,8.5,89,1,7,0,NA,NA,4
"918","T250","1",NA,"2",6,33.5,7.5,149,3,52.5,1,NA,NA,1
"919","T287","1",NA,"1",1,30.25,2.75,253,0,0,4.5,NA,NA,2
"920","T287","1",NA,"1",2,7.25,3,238.5,2,27.5,4,NA,NA,1
"921","T287","1",NA,"1",3,11.75,2.75,107.5,1,74.75,5,NA,NA,2
"922","T287","1",NA,"1",4,5,3.5,224.75,2.25,36.25,4,NA,NA,1
"923","T287","1",NA,"1",5,6,4,220.75,2,42.75,4.5,NA,NA,1
"924","T287","1",NA,"1",6,3,3.5,111.25,3.5,157,5,NA,NA,0
"925","T287","1",NA,"2",1,28,7.5,171.5,1.5,12.5,0,NA,NA,4
"926","T287","1",NA,"2",2,28,9,160,1,30,1,NA,NA,4
"927","T287","1",NA,"2",3,11.5,8,79.5,1,30,0.5,NA,NA,4.5
"928","T287","1",NA,"2",4,8,7.5,118.5,1,27,1.5,NA,NA,5
"929","T287","1",NA,"2",5,14.5,6,181.5,3,11,2,NA,NA,2
"930","T287","1",NA,"2",6,16.5,5.5,105,1.5,24,2,NA,NA,2
"931","T293","1",NA,"1",1,20,6.66666666666667,119.333333333333,3,91.6666666666667,8,NA,NA,4
"932","T293","1",NA,"1",2,10.3333333333333,5,173.666666666667,3.66666666666667,40.6666666666667,7,NA,NA,3
"933","T293","1",NA,"1",3,6.33333333333333,3,74.3333333333333,2.66666666666667,114.666666666667,9,NA,NA,4
"934","T293","1",NA,"1",4,5.33333333333333,1.33333333333333,59.6666666666667,1,228,15.6666666666667,NA,NA,0
"935","T293","1",NA,"1",5,4.66666666666667,2.66666666666667,148.333333333333,1,103.333333333333,14,NA,NA,2
"936","T293","1",NA,"1",6,9.66666666666667,3,167.333333333333,1.33333333333333,100.666666666667,14,NA,NA,1
"937","T301","1",NA,"1",1,11,4,94.5,0,0,4,NA,NA,9
"938","T301","1",NA,"1",2,8.5,3,184,0,0,6.5,NA,NA,4
"939","T301","1",NA,"1",3,6,3,115.5,1,85.5,7,NA,NA,2
"940","T301","1",NA,"1",4,0,1,4.5,2,141,6,NA,NA,1
"941","T301","1",NA,"1",5,2,2,108,2,51,8.5,NA,NA,2
"942","T301","1",NA,"1",6,0,1,70,2,39.5,6,NA,NA,4
"943","T301","1",NA,"2",1,22,7,171,0.5,3,1,NA,NA,4
"944","T301","1",NA,"2",2,13.5,6.5,111.5,0.5,3.5,1.5,NA,NA,4.5
"945","T301","1",NA,"2",3,17,5.5,138.5,0.5,6.5,0,NA,NA,5
"946","T301","1",NA,"2",4,16.5,6,154.5,0,0,0,NA,NA,3
"947","T301","1",NA,"2",5,10,4,87,2,47.5,1,NA,NA,4
"948","T301","1",NA,"2",6,30.5,8.5,121.5,2,10,3,NA,NA,1
"949","T337","1",NA,"1",1,18.5,4.5,218.5,0,0,9,NA,NA,5
"950","T337","1",NA,"1",2,9.5,1.5,55.5,2,228,10,NA,NA,0
"951","T337","1",NA,"1",3,4,3,29,4.5,119.5,10,NA,NA,3
"952","T337","1",NA,"1",4,10,5.5,136,2.5,70.5,10,NA,NA,5
"953","T337","1",NA,"1",5,0,0,0,1,150,8,NA,NA,1
"954","T337","1",NA,"1",6,0,0.5,2.5,0.5,2,0,NA,NA,0
"955","T337","1",NA,"2",1,22,7.5,160.5,0,0,5,NA,NA,5.5
"956","T337","1",NA,"2",2,14,3.5,130.5,1,112.5,6,NA,NA,1.5
"957","T337","1",NA,"2",3,10.5,4,143,2,68.5,4,NA,NA,3
"958","T337","1",NA,"2",4,13.5,4,134.5,1,36,4,NA,NA,3.5
"959","T337","1",NA,"2",5,8,5,65.5,2,83.5,4,NA,NA,2
"960","T337","1",NA,"2",6,7.5,2.5,112,0,0,0,NA,NA,0.5
"961","T344","1",NA,"1",1,14.6666666666667,5.33333333333333,181.333333333333,3.66666666666667,51.9766666666667,5.66666666666667,NA,NA,3
"962","T344","1",NA,"1",2,11,3,199,2,69,2.66666666666667,NA,NA,1
"963","T344","1",NA,"1",3,9,3,49.6666666666667,2,231,5.66666666666667,NA,NA,0
"964","T344","1",NA,"1",4,0,1,3.33333333333333,2,283.666666666667,1.33333333333333,NA,NA,0
"965","T344","1",NA,"1",5,0,0.333333333333333,3,1,18.3333333333333,0,NA,NA,0
"966","T344","1",NA,"1",6,0,0,0,0.666666666666667,13.6666666666667,0,NA,NA,0
"967","T344","1",NA,"2",1,15.5,5.5,191.5,1,11.5,3,NA,NA,4
"968","T344","1",NA,"2",2,15,4.5,209.5,2.5,44.5,1.5,NA,NA,1.5
"969","T344","1",NA,"2",3,11.5,5,106.5,2.5,130,2.5,NA,NA,2
"970","T344","1",NA,"2",4,7,2.5,111.5,1.5,164.5,0,NA,NA,1
"971","T344","1",NA,"2",5,7,3.5,79.5,2.5,29,0,NA,NA,2
"972","T344","1",NA,"2",6,6,4,82.5,1,13.5,0,NA,NA,2
"973","T348","1",NA,"1",1,14.5,6.5,135,2.5,29.5,0.5,NA,NA,5
"974","T348","1",NA,"1",2,5,4,138.5,1,25,1,NA,NA,5
"975","T348","1",NA,"1",3,0,2,63.5,1.5,73.5,2.5,NA,NA,1
"976","T348","1",NA,"1",4,0,0,0,1,4.5,1,NA,NA,0
"977","T348","1",NA,"1",5,0,0,0,0,0,0,NA,NA,0
"978","T348","1",NA,"1",6,4,1.5,205,0.5,2,1,NA,NA,0
"979","T348","1",NA,"2",1,24,7,156.5,1,15,1,NA,NA,5.5
"980","T348","1",NA,"2",2,12.5,6,153.5,0.5,15,0.5,NA,NA,5.5
"981","T348","1",NA,"2",3,9,4.5,119,0.5,39,1.5,NA,NA,2.5
"982","T348","1",NA,"2",4,16.5,3,86,1,8,1,NA,NA,2.5
"983","T348","1",NA,"2",5,3.5,2.5,64,1,19,0,NA,NA,1
"984","T348","1",NA,"2",6,14,4,186,0,0,0.5,NA,NA,3
