subject,drug,sex,session,time,beam,sniff_cnt,sniff,groom_cnt,groom,shake,seek_cnt,seek,lever
361,2,1,2,1,2,6,150,0,0,0,8,24,4
361,2,1,2,2,8,8,117,2,5,0,7,16,5
361,2,1,2,3,10,8,83,2,32,0,7,21,6
361,2,1,2,4,8,10,117,5,45,0,6,29,3
361,2,1,2,5,3,7,60,4,38,0,10,34,7
361,2,1,2,6,4,4,54,5,116,0,4,9,2
363,2,1,2,1,6,6,98,0,0,1,7,22,6
363,2,1,2,2,7,8,35,2,23,0,7,19,9
363,2,1,2,3,6,4,57,3,70,0,3,14,5
363,2,1,2,4,3,3,31,4,94,0,4,11,4
363,2,1,2,5,10,5,61,3,19,0,6,71,5
363,2,1,2,6,1,0,0,2,129,1,2,4,2
364,2,1,2,1,17,6,80,1,5,0,7,36,7
364,2,1,2,2,9,7,98,0,0,0,6,21,8
364,2,1,2,3,4,4,74,3,32,1,5,32,5
364,2,1,2,4,10,4,121,1,12,0,4,34,4
364,2,1,2,5,7,5,51,2,45,0,6,20,3
364,2,1,2,6,10,5,70,2,30,2,6,24,5
365,2,1,1,1,18.5,9.5,92.5,0.5,2,0,NA,NA,6
365,2,1,1,2,14.5,8.5,105,3.5,57.5,0.5,NA,NA,5
365,2,1,1,3,4.5,3.5,19,0,0,0,NA,NA,9
365,2,1,1,4,11,7.5,68,3,42.5,1,NA,NA,5
365,2,1,1,5,10.5,5,49,5.5,147,0,NA,NA,0
365,2,1,1,6,1,0.5,1,1,3.5,0,NA,NA,0
366,2,1,1,1,9,8.5,79.5,0,0,0,NA,NA,7
366,2,1,1,2,5,5.5,47,0.5,2,0,NA,NA,7
366,2,1,1,3,10,6.5,83,1,2,0,NA,NA,5
366,2,1,1,4,3.5,3.5,104.5,1.5,95.5,1,NA,NA,1
366,2,1,1,5,1.5,1,35.5,0,0,0,NA,NA,1
366,2,1,1,6,0,0,0,0,0,0,NA,NA,0
367,2,1,1,1,9.5,7,66,1,13.5,1,5.5,19.5,7
367,2,1,1,2,9,6.5,131.5,0,0,0,4.5,11,6
367,2,1,1,3,5,6.5,52,5,169,1,0.5,0.5,2
367,2,1,1,4,4,6,34.5,4,62,1,3,6.5,3
367,2,1,1,5,4,4,56,1.5,19,2,5.5,16.5,6
367,2,1,1,6,4,5,99.5,2,35.5,0,1,3,0
368,2,1,2,1,8,4,47,2,19,0,6,21,8
368,2,1,2,2,4,4,33,3,61,0,9,24,6
368,2,1,2,3,9,3,55,3,37,0,7,45,6
368,2,1,2,4,5,2,22,2,20,0,10,40,8
368,2,1,2,5,6,5,40,3,77,1,6,26,5
368,2,1,2,6,11,3,100,2,7,0,6,34,5
371,2,1,2,1,5,7,43,2,4,0,7,23,10
371,2,1,2,2,6,8,74,4,30,0,5,14,7
371,2,1,2,3,4,7,65,3,73,0,3,14,4
371,2,1,2,4,3,7,60,2,104,1,3,5,4
371,2,1,2,5,4,4,79,6,100,0,5,14,3
371,2,1,2,6,0,4,36,2,94,1,3,7,4
372,2,1,2,1,25,10,117,2,5,3,6,9,5
372,2,1,2,2,12,6,44,3,53,0,6,33,7
372,2,1,2,3,9,7,76,1,14,0,5,12,7
372,2,1,2,4,7,5,74,3,45,0,5,17,6
372,2,1,2,5,10,4,93,2,74,3,3,10,4
372,2,1,2,6,10,5,113,3,7,0,6,9,7
373,2,1,2,1,11,6,89,2,14,0,5,31,6
373,2,1,2,2,12,9,84,1,6,0,6,19,6
373,2,1,2,3,10,7,98,0,0,0,5,48,4
373,2,1,2,4,0,4,42,2,9,0,8,88,5
373,2,1,2,5,7,5,86,0,0,0,6,75,3
373,2,1,2,6,2,6,80,1,22,0,6,61,3
374,2,1,2,1,17,7,97,0,0,2,6,20,7
374,2,1,2,2,22,7,125,2,30,2,4,17,4
374,2,1,2,3,17,6,117,2,4,1,6,18,6
374,2,1,2,4,7,7,122,2,11,2,5,43,3
374,2,1,2,5,10,7,121,2,8,4,6,25,5
374,2,1,2,6,7,4,119,5,75,4,4,25,2
375,2,1,2,1,7,4,89,1,24,0,3,14,5
375,2,1,2,2,9,5,112,2,37,0,4,26,3
375,2,1,2,3,7,3,74,1,57,0,7,27,5
375,2,1,2,4,4,4,91,1,26,0,4,28,2
375,2,1,2,5,4,6,117,1,12,0,3,33,2
375,2,1,2,6,2,3,76,1,27,0,4,48,2
376,2,1,2,1,6,4,50,1,11,0,6,21,5
376,2,1,2,2,13,5,60,2,8,0,5,60,7
376,2,1,2,3,5,5,58,1,10,0,5,30,5
376,2,1,2,4,8,6,94,2,19,0,2,11,6
376,2,1,2,5,3,6,36,4,36,0,2,10,5
376,2,1,2,6,6,4,77,1,27,0,3,14,2
377,2,1,2,1,14,6,66,1,2,0,3,9,6
377,2,1,2,2,15,7,107,0,0,0,2,5,7
377,2,1,2,3,8,8,89,3,54,0,4,11,6
377,2,1,2,4,8,2,93,0,0,0,7,18,7
377,2,1,2,5,18,4,130,0,0,0,5,14,4
377,2,1,2,6,6,4,118,0,0,0,4,28,4
378,2,1,2,1,7,7,94,1,2,0,9,32,8
378,2,1,2,2,17,60,131,4,10,0,4,10,5
378,2,1,2,3,7,5,64,1,34,0,5,28,6
378,2,1,2,4,7,3,80,0,0,0,4,60,5
378,2,1,2,5,7,2,121,1,52,0,2,28,2
378,2,1,2,6,9,8,147,1,3,0,6,76,0
379,2,1,2,1,18,7,144,1,4,0,2,7,6
379,2,1,2,2,12,8,100,2,59,1,2,4,5
379,2,1,2,3,11,7,114,1,50,1,3,10,5
379,2,1,2,4,8,7,92,3,90,0,1,5,2
379,2,1,2,5,6,7,109,0,0,0,6,37,6
379,2,1,2,6,12,7,139,1,31,0,2,7,4
380,2,1,2,1,8,7,97,1,7,0,6,24,6
380,2,1,2,2,9,10,104,2,15,0,7,25,6
380,2,1,2,3,11,9,106,0,0,0,7,31,7
380,2,1,2,4,8,7,95,1,19,1,5,20,7
380,2,1,2,5,3,7,85,1,26,1,7,38,6
380,2,1,2,6,10,12,109,2,66,0,5,23,5
381,2,1,2,1,21,8,122,2,14,0,6,19,7
381,2,1,2,2,15,7,133,1,27,1,5,32,5
381,2,1,2,3,6,6,109,4,53,0,3,7,3
381,2,1,2,4,8,7,136,1,37,0,3,14,4
381,2,1,2,5,10,8,166,1,6,0,4,13,3
381,2,1,2,6,8,6,137,2,28,0,5,25,4
383,2,1,1,1,10.5,9.5,91,3.5,74.5,3,4,5,4
383,2,1,1,2,13.5,8,84,3.5,123,2,2,4.5,3
383,2,1,1,3,9,7,123,3,31.5,0,3.5,6,5
383,2,1,1,4,2,5,68.5,4,34.5,1,2.5,78,1
383,2,1,1,5,3,5,31,5,75.5,1,5.5,65,4
383,2,1,1,6,8,10,57,9,73.5,1,4.5,14,4
384,2,1,1,1,14.5,7,122,2,17.5,1,5.5,9.5,6
384,2,1,1,2,7.5,6.5,133,0,0,0,2.5,5.5,3
384,2,1,1,3,5,6,65,3.5,82.5,1,2.5,4.5,2.5
384,2,1,1,4,5.5,5,115,2.5,19.5,0,3.5,6,2
384,2,1,1,5,2.5,6.5,95,2,20,0,4.5,36.5,5
384,2,1,1,6,4,6,69,3,27,0,7,49.5,5
386,2,1,1,1,12.5,6,124.5,0,0,0,8,24.5,6
386,2,1,1,2,9.5,6,114.5,1,3.5,0,6.5,17,6
386,2,1,1,3,5.5,3.5,128,0,0,0,7,31.5,5
386,2,1,1,4,7.5,3.5,52,0,0,0,9.5,41,8
386,2,1,1,5,3,3.5,73.5,2,50,0,5.5,21,4
386,2,1,1,6,12,4.5,152.5,0,0,0,5,27.5,4
387,2,2,2,1,16,6,166,1,17,0,6,23,5
387,2,2,2,2,7,6,123,0,0,0,7,29,7
387,2,2,2,3,6,5,143,1,29,0,4,16,4
387,2,2,2,4,6,7,96,0,0,0,7,50,7
387,2,2,2,5,1,4,110,1,56,0,3,15,3
387,2,2,2,6,5,2,81,1,28,0,6,58,6
388,2,2,2,1,10,7,128,1,2,0,5,29,8
388,2,2,2,2,3,5,88,2,30,0,6,29,6
388,2,2,2,3,8,3,173,1,26,0,3,10,4
388,2,2,2,4,2,3,168,1,9,0,4,47,4
388,2,2,2,5,3,3,195,1,13,0,3,8,2
388,2,2,2,6,4,2,207,0,0,0,2,20,2
389,2,1,1,1,12,5,46,1,51,0,6,15.5,7
389,2,1,1,2,7,8,69,0,0,0,4.5,20,8
389,2,1,1,3,4.5,2.5,44.5,4,119,0,0,0,0
389,2,1,1,4,0.5,2.5,13.5,5,123,0,2,62.5,2
389,2,1,1,5,6,5.5,68.5,2,32,0,1.5,4.5,3.5
389,2,1,1,6,4.5,4,61,3,162,0,1.5,6,1.5
390,2,2,2,1,15,6,174,0,0,0,6,24,5
390,2,2,2,2,19,8,139,1,3,0,6,17,6
390,2,2,2,3,10,5,103,2,29,1,4,22,6
390,2,2,2,4,9,6,78,0,0,0,6,54,6
390,2,2,2,5,8,6,88,1,36,0,5,106,3
390,2,2,2,6,12,10,88,0,0,0,5,53,6
391,2,2,2,1,18,7,97,1,19,0,7,25,8
391,2,2,2,2,13,10,83,0,0,0,8,30,8
391,2,2,2,3,6,6,81,4,54,0,4,32,4
391,2,2,2,4,18,5,134,2,16,0,2,31,2
391,2,2,2,5,15,5,167,2,31,0,3,17,3
391,2,2,2,6,9,6,87,4,116,0,1,23,1
392,2,2,2,1,14,6,102,0,0,0,8,32,8
392,2,2,2,2,10,6,69,0,0,0,7,70,7
392,2,2,2,3,11,5,138,0,0,0,6,52,5
392,2,2,2,4,5,2,131,2,51,0,2,40,2
392,2,2,2,5,11,6,99,2,7,0,6,33,5
392,2,2,2,6,11,8,136,3,67,0,5,38,1
393,2,2,2,1,13,7,108,2,7,0,9,35,9
393,2,2,2,2,14,6,148,1,11,0,4,22,5
393,2,2,2,3,5,5,101,3,8,0,6,72,5
393,2,2,2,4,7,6,115,2,8,0,3,16,5
393,2,2,2,5,2,7,87,2,21,0,4,39,5
393,2,2,2,6,3,7,98,1,51,0,7,54,4
394,2,2,2,1,18,8,119,2,8,0,6,18,7
394,2,2,2,2,10,9,120,5,37,0,3,13,5
394,2,2,2,3,8,6,183,1,2,0,3,18,4
394,2,2,2,4,10,3,57,2,25,1,3,138,3
394,2,2,2,5,17,5,258,2,9,0,2,4,1
394,2,2,2,6,8,6,78,1,49,1,4,117,2
395,2,1,1,1,9.5,6.5,87,1,2.5,0,NA,NA,7
395,2,1,1,2,10,4.5,154,0,0,0,NA,NA,5
395,2,1,1,3,2,1,41,0,0,0,NA,NA,6
395,2,1,1,4,7,3.5,151.5,0,0,0,NA,NA,3
395,2,1,1,5,6.5,3.5,88,1.5,4,0,NA,NA,2
395,2,1,1,6,8,5.5,79,0,0,0,NA,NA,3
396,2,1,1,1,5.5,6,52,0,0,0,9.5,34.5,11
396,2,1,1,2,1,4.5,21,3,92.5,0,6,24.5,6
396,2,1,1,3,4,2.5,8.5,1,5.5,0,8.5,109,6
396,2,1,1,4,4.5,4.5,105,3.5,86.5,0,3.5,6,2
396,2,1,1,5,3,2.5,40.5,2,87,0,4,46,3
396,2,1,1,6,5,4,120,3,37,0,3.5,34,3
397,2,1,1,1,10,7,100,0,0,0,5.5,22.5,7.5
397,2,1,1,2,7.5,3.5,60,0,0,0,4.5,109,4
397,2,1,1,3,5,2.5,73,0,0,0,5,158.5,2
397,2,1,1,4,9.5,7.5,104,2.5,36.5,1,4,13,4
397,2,1,1,5,10.5,6.5,55.5,0,0,0,6,29,6
397,2,1,1,6,7,4,38.5,2.5,113,0,1.5,5.5,1
398,2,1,1,1,9.5,6.5,83.5,1.5,5,0,5.5,18,7.5
398,2,1,1,2,5.5,4,82,0,0,0,1.5,2.5,4
398,2,1,1,3,1,4.5,6.5,2,3.5,0,2.5,6.5,5
398,2,1,1,4,9,5,93,0,0,0,3.5,10,4
398,2,1,1,5,4,5.5,167,3,5,0,2,4,3
398,2,1,1,6,2.5,2,191.5,0,0,0,2.5,14,3
399,2,1,1,1,11.33333333,7.333333333,79,1.333333333,14.33333333,0,6,21.33333333,6.333333333
399,2,1,1,2,6.333333333,5.333333333,10.66666667,4,52,0,9.333333333,56.33333333,6
399,2,1,1,3,4.333333333,6.666666667,98.33333333,2,28.33333333,0,6,82.66666667,3
399,2,1,1,4,2.666666667,4,101,2.666666667,109.6666667,0,1.333333333,9.666666667,1
399,2,1,1,5,6,9,103.3333333,2,42.66666667,0,12,90,3
399,2,1,1,6,4.333333333,4.333333333,45.66666667,2.333333333,71.33333333,0,4.666666667,80.66666667,3
417,2,2,2,1,16,8,127,1,11,0,4,11,6
417,2,2,2,2,15,11,89,1,4,1,9,37,8
417,2,2,2,3,15,4,146,1,49,1,4,15,3
417,2,2,2,4,11,8,135,4,48,0,4,25,4
417,2,2,2,5,16,9,121,5,35,0,5,54,4
417,2,2,2,6,12,6,174,2,44,0,1,31,2
418,2,2,2,1,10,8,146,1,4,0,5,16,7
418,2,2,2,2,6,7,56,2,70,1,5,36,5
418,2,2,2,3,2,6,116,2,91,0,2,12,3
418,2,2,2,4,4,3,113,0,0,0,5,69,6
418,2,2,2,5,5,3,253,0,0,0,1,8,1
418,2,2,2,6,8,2,252,1,15,0,1,1,1
422,2,2,2,1,18.5,7,123,2,11.5,0,6.5,20.5,7
422,2,2,2,2,9.5,6.5,129.5,2,8.5,0,4,13,6
422,2,2,2,3,11,8,141.5,2.5,14,0,1.5,10.5,5
422,2,2,2,4,7,4.5,154.5,2,61,0,1.5,18,2.5
422,2,2,2,5,11,6.5,161.5,1.5,25.5,0,2.5,10,4
422,2,2,2,6,10,5,215.5,2,10,0,3.5,33.5,0.5
423,2,2,2,1,14,9,121,1,12,0,4,16,7
423,2,2,2,2,11,8,75,1,6,0,9,35,9
423,2,2,2,3,7,7,90,1,17,0,6,19,6
423,2,2,2,4,6,9,109,1,29,0,6,19,6
423,2,2,2,5,2,4,54,1,62,0,3,30,6
423,2,2,2,6,11,8,106,0,0,0,6,75,5
448,1,1,1,1,22,4.5,157.5,1.5,82.5,6,NA,NA,2
448,1,1,1,2,7,4,152,2,106.5,6,NA,NA,1
448,1,1,1,3,1,0.5,3,1.5,275.5,4,NA,NA,0
448,1,1,1,4,1,2,38,2.5,273.5,4.5,NA,NA,1
448,1,1,1,5,6.5,1,52.5,2,81,3,NA,NA,0
448,1,1,1,6,12.5,4.5,93.5,2.5,69.5,7,NA,NA,2
448,1,1,2,1,29.5,6.5,185,0,0,0,NA,NA,3
448,1,1,2,2,11.5,7,163.5,1,12,2,NA,NA,3
448,1,1,2,3,15.5,6.5,192,1,13.5,1,NA,NA,1.5
448,1,1,2,4,10,6,125.5,2.5,32,2,NA,NA,1
448,1,1,2,5,14.5,5.5,161,0.5,1,0,NA,NA,4
448,1,1,2,6,7,5,59,3,29.5,2,NA,NA,3
450,1,1,1,1,15.5,5,150,2.5,86.5,9.5,NA,NA,2
450,1,1,1,2,15,3.5,162.5,2,53.5,9,NA,NA,2
450,1,1,1,3,7,3,44.5,3.5,90.5,7.5,NA,NA,1
450,1,1,1,4,3,1.5,33,1.5,197,9,NA,NA,0
450,1,1,1,5,0,1.5,282,0.5,2,0,NA,NA,0
450,1,1,1,6,21.5,5,204,2.5,12,14,NA,NA,1
450,1,1,2,1,27,6.5,125,3,21.5,4.5,NA,NA,4
450,1,1,2,2,18.5,5,162.5,1,9,4,NA,NA,3
450,1,1,2,3,13.5,5.5,145,2,27,4,NA,NA,4
450,1,1,2,4,15.5,5,140,2,32.5,5,NA,NA,4
450,1,1,2,5,19,5.5,175,0,0,2.5,NA,NA,2.5
450,1,1,2,6,9.5,4.5,185,3.5,34.5,3,NA,NA,0
451,1,1,1,1,11,4.5,104.5,1,126.5,9,NA,NA,2
451,1,1,1,2,4,3,191.5,1,23.5,4,NA,NA,2
451,1,1,1,3,8.5,4,135.5,1,60,8,NA,NA,3
451,1,1,1,4,0,1.5,6,3.5,253,8,NA,NA,0
451,1,1,1,5,0,1,3.5,1.5,279,7.5,NA,NA,0
451,1,1,1,6,3,3.5,65.5,3,161.5,13.5,NA,NA,0
452,1,1,1,1,17,6,126.5,3,43,8,NA,NA,5
452,1,1,1,2,6,6,36.5,3.5,112.5,6,NA,NA,4
452,1,1,1,3,3,2,26.5,2,217.5,6.5,NA,NA,1
452,1,1,1,4,1.5,2,17.5,3,201.5,4,NA,NA,0
452,1,1,1,5,4,1.5,59.5,1.5,58.5,4.5,NA,NA,0
452,1,1,1,6,1,0.5,3,2,49,3,NA,NA,0
452,1,1,2,1,16.5,10,73.5,4,32,3.5,NA,NA,5
452,1,1,2,2,18.5,6.5,146.5,1,19.5,1,NA,NA,4
452,1,1,2,3,19,7.5,107.5,4.5,85,4,NA,NA,0
452,1,1,2,4,14,4.5,125,2,97.5,2,NA,NA,2
452,1,1,2,5,11.5,6,120.5,2,71.5,3,NA,NA,4
452,1,1,2,6,7.5,6,109.5,3,79.5,1,NA,NA,1
453,1,1,1,1,16.5,7,75,3.5,98.5,6,NA,NA,5
453,1,1,1,2,9,4,194.5,1.5,22,4,NA,NA,2
453,1,1,1,3,6.5,3,70.5,1,165,8,NA,NA,2
453,1,1,1,4,0,0.5,1,1.5,250,4.5,NA,NA,0
453,1,1,1,5,8.5,4.5,122,2,92,7.5,NA,NA,3
453,1,1,1,6,3.5,4,36.5,1.5,124,7,NA,NA,1
507,1,1,1,1,7,2.5,94,1.5,123.5,3.5,NA,NA,1
507,1,1,1,2,13,3,153.5,1,59.5,3.5,NA,NA,2
507,1,1,1,3,4.5,2,34.5,2,207,6,NA,NA,1
507,1,1,1,4,0,1,3.5,3,246.5,8,NA,NA,0
507,1,1,1,5,0,0,0,1.5,287.5,5,NA,NA,0
507,1,1,1,6,6.5,3,117.5,3,123,5,NA,NA,0
507,1,1,2,1,8.5,3,167.5,0,0,0,NA,NA,4
507,1,1,2,2,10.5,4.5,127,1,27.5,0,NA,NA,3.5
507,1,1,2,3,7,5,153.5,0,0,1,NA,NA,3
507,1,1,2,4,6,3.5,158.5,1,42.5,0,NA,NA,3
507,1,1,2,5,11,3.5,129,2,39,2,NA,NA,2
507,1,1,2,6,7.5,4,151.5,0,0,0,NA,NA,5
544,1,2,1,1,19,4.5,140.5,1,2.065,4,NA,NA,7
544,1,2,1,2,8.5,7.5,121.355,2.5,34.9,4.5,NA,NA,5
544,1,2,1,3,9,4.5,130.71,0.5,2.19,3.5,NA,NA,4
544,1,2,1,4,9,4.5,96.855,1.5,63.185,5,NA,NA,2
544,1,2,1,5,3,2.5,204.395,2.5,60.395,4,NA,NA,1
544,1,2,1,6,2.5,2.5,182.885,1,39.755,7,NA,NA,1.5
544,1,2,2,1,20,9,120.98,1,2.85,2.5,NA,NA,8.5
544,1,2,2,2,25,4.5,188.095,0,0,2.5,NA,NA,4
544,1,2,2,3,24,8,133.635,0,0,3,NA,NA,7
544,1,2,2,4,25.5,2.5,49.725,0.5,1.49,0,NA,NA,2
544,1,2,2,5,8.5,3.5,81.35,0,0,0,NA,NA,6
544,1,2,2,6,18,8,142.66,1.5,4.995,1.5,NA,NA,7
545,1,2,1,1,21,8,147.89,1,2.75,2,NA,NA,8
545,1,2,1,2,6,4,87.84,3,43.43,2,NA,NA,7
545,1,2,1,3,5,3,47.29,4,165.59,7,NA,NA,3
545,1,2,1,4,7,2,75.41,3,165.41,4,NA,NA,1
545,1,2,1,5,5,5,74.56,2,78.91,0,NA,NA,5
545,1,2,1,6,7,4,111.76,0,0,4,NA,NA,3
B213,1,NA,1,1,13.5,2,96.525,2,196.82,4,NA,NA,0
B213,1,NA,1,2,5.5,1,92.5,1,97,2.5,NA,NA,0
B213,1,NA,1,3,0,0,0,0,0,0,NA,NA,0
B213,1,NA,1,4,4,2,102.19,1,12.31,2,NA,NA,0
B213,1,NA,1,5,5.5,1.5,136,1,48.5,3,NA,NA,0
B213,1,NA,1,6,0,0,0,0,0,0,NA,NA,0
B213,1,NA,2,1,21.5,3.5,141.81,1.5,105.985,2,NA,NA,1.5
B213,1,NA,2,2,10,2.5,140.5,1,49.5,1,NA,NA,1.5
B213,1,NA,2,3,11.5,4,70.5,0,0,0,NA,NA,3.5
B213,1,NA,2,4,18.5,2.5,167.775,0.5,7.4,1,NA,NA,1
B213,1,NA,2,5,10.5,1.5,213.13,1,28,2,NA,NA,0.5
B213,1,NA,2,6,10,1,100.5,0,0,0,NA,NA,0.5
B230,1,NA,1,1,31,6,175.74,2,47.025,7,NA,NA,3
B230,1,NA,1,2,8,5,61.54,3,127,4,NA,NA,4
B230,1,NA,1,3,9,5,166,1,10,3,NA,NA,3
B230,1,NA,1,4,17,4,216.5,2,5.5,4,NA,NA,4
B230,1,NA,1,5,3,3,62.79,3,106.325,1,NA,NA,6
B230,1,NA,1,6,0,1,20.5,0,0,0,NA,NA,0
B230,1,NA,2,1,36.5,5.5,177,1,23.5,3.5,NA,NA,3.5
B230,1,NA,2,2,13.5,6.5,90,1.5,63.47,2,NA,NA,5.5
B230,1,NA,2,3,23,4.5,180.555,0.5,6,2,NA,NA,3.5
B230,1,NA,2,4,19.5,3.5,208,1.5,8.5,3,NA,NA,3
B230,1,NA,2,5,13,2,150,2,54.5,1,NA,NA,3
B230,1,NA,2,6,11,3,95.43,0,0,1,NA,NA,2
B25,1,1,1,1,12.5,7.5,89,3,36,7.5,NA,NA,6
B25,1,1,1,2,4.5,2,35,4,112,6,NA,NA,3.5
B25,1,1,1,3,0,2.5,32.5,3.5,157.5,4,NA,NA,1.5
B25,1,1,1,4,3,2,19,3.5,113.5,5.5,NA,NA,1
B25,1,1,1,5,3,6,37,3,30.5,2.5,NA,NA,3.5
B25,1,1,1,6,0,1.5,13.5,1,2,1,NA,NA,0
B25,1,1,2,1,32,8.5,140,1,19,7,NA,NA,3
B25,1,1,2,2,12,8,82.5,3,17,6,NA,NA,4
B25,1,1,2,3,19,7,145,3,46,3.5,NA,NA,3
B25,1,1,2,4,10.5,7.5,79,2.5,15,4,NA,NA,4
B25,1,1,2,5,3.5,3.5,40,3.5,154.5,2,NA,NA,3
B25,1,1,2,6,10,7.5,59,2,101,3,NA,NA,3.5
B26,1,1,1,1,30.5,8,139,5.5,72,8,NA,NA,3
B26,1,1,1,2,7,6,92,5,131,8,NA,NA,1.5
B26,1,1,1,3,8.5,5,111,3.5,117,9,NA,NA,1
B26,1,1,1,4,9.5,4.5,23,5,248,11,NA,NA,1
B26,1,1,1,5,6.5,4,124.5,2.5,113.5,4,NA,NA,1
B26,1,1,1,6,6,2.5,256.5,1,5,3,NA,NA,0
B282,1,NA,1,1,25.5,6.5,194.5,3,32,12,NA,NA,3
B282,1,NA,1,2,17.5,5,189.5,2,32,5.5,NA,NA,2
B282,1,NA,1,3,9,1,302,0,0,6,NA,NA,0
B282,1,NA,1,4,20.5,5,209.5,1.5,23.5,8,NA,NA,3
B282,1,NA,1,5,5.5,4.5,139.5,4.5,144.5,9,NA,NA,0
B282,1,NA,1,6,20.5,2.5,180,2.5,108.5,8.5,NA,NA,0
B282,1,NA,2,1,36.5,6,162,0,0,2,NA,NA,6
B282,1,NA,2,2,19.5,5,125,1,48.5,1,NA,NA,5
B282,1,NA,2,3,23.5,5.5,139.5,1,33.5,3,NA,NA,4.5
B282,1,NA,2,4,23.5,6,105,3,85,5,NA,NA,4
B282,1,NA,2,5,22.5,8,103,2,30,0.5,NA,NA,7
B282,1,NA,2,6,21.5,2.5,242.5,1,8.5,0,NA,NA,0
B422,2,2,1,1,15,8,92,2,19,0,7,18,7
B422,2,2,1,2,20,11,137,1,4,0,3,3,6
B422,2,2,1,3,29,8,156,3,45,0,3,8,3
B422,2,2,1,4,21,7,144,3,65,0,0,0,0
B422,2,2,1,5,25,8,160,1,30,0,5,20,1
B422,2,2,1,6,11,9,107,0,0,0,6,14,6
B437,1,1,2,1,24.5,5.5,188,1.5,8,1,NA,NA,3.5
B437,1,1,2,2,9,4.5,165.5,2,31,0.5,NA,NA,3
B437,1,1,2,3,9.5,4.5,157.5,1.5,37,0.5,NA,NA,3.5
B437,1,1,2,4,9,4.5,122.5,3,58,0.5,NA,NA,2.5
B437,1,1,2,5,10,3,137.5,2.5,66.5,1,NA,NA,2
B437,1,1,2,6,6.5,4.5,120,3,70.5,2,NA,NA,1
B447,1,2,1,1,19.75,2.5,178.25,3.5,108.75,5,NA,NA,0
B447,1,2,1,2,0,1.5,3,2.5,287,5.25,NA,NA,0
B447,1,2,1,3,0,2.75,22,5.5,244.75,3,NA,NA,0
B447,1,2,1,4,0,1.25,14.5,4.5,116,1,NA,NA,0
B447,1,2,1,5,0,0,0,0.5,71.25,1,NA,NA,0
B447,1,2,1,6,0,0,0,0.25,73,0,NA,NA,0
B447,1,2,2,1,31,5.5,150.5,2.5,32,4.5,NA,NA,2
B447,1,2,2,2,21.5,3.5,179,2,28,3.5,NA,NA,1
B447,1,2,2,3,19,6.5,127,1,12,1.5,NA,NA,4.5
B447,1,2,2,4,11.5,4,106,1.5,54,0.5,NA,NA,4.5
B447,1,2,2,5,22,3,171,1.5,4,1,NA,NA,3
B447,1,2,2,6,10,2.5,63,2,95,0,NA,NA,2.5
B454,1,1,2,1,7.5,5.5,166.5,1.5,35.5,1,NA,NA,3
B454,1,1,2,2,24.5,3.5,219.5,2.5,24,2,NA,NA,1
B454,1,1,2,3,5,6,181,3,35.5,2,NA,NA,3
B454,1,1,2,4,13,2,113.5,2,44.5,1,NA,NA,1
B454,1,1,2,5,11.5,4,164.5,1.5,46,0,NA,NA,3
B454,1,1,2,6,5.5,5,165,2.5,31.5,2,NA,NA,2
B456,2,2,1,1,3.5,8,37,1,2,0,NA,NA,10
B456,2,2,1,2,5.5,3,25.5,0,0,0,NA,NA,7
B456,2,2,1,3,2,1,2,1,68,1,NA,NA,5
B456,2,2,1,4,2.5,4.5,43.92,1.5,31.5,0,NA,NA,5
B456,2,2,1,5,4,2.5,34,0,0,0,NA,NA,1
B456,2,2,1,6,6,6,87.5,2.5,19,0,NA,NA,2
B457,2,2,1,1,7.5,5,24.5,0.5,0.5,0,NA,NA,10
B457,2,2,1,2,3,6,30.5,2.5,10.5,0,NA,NA,9
B457,2,2,1,3,5.5,4,20.5,2,5.5,0,NA,NA,7
B457,2,2,1,4,5,5.5,31.5,1,5.5,0,NA,NA,7
B457,2,2,1,5,5,5,19.5,4.5,44.5,1,NA,NA,1
B457,2,2,1,6,9,6,32,2.5,38.5,1,NA,NA,2
B458,2,2,1,1,9,13,66,3,22,0,8,20,7
B458,2,2,1,2,15,7,52,0,0,0,9,23,9
B458,2,2,1,3,9,4,109,2,129,1,2,14,1
B458,2,2,1,4,1,5,20,1,1,0,5,160,4
B458,2,2,1,5,5,8,32,1,2,0,10,55,6
B458,2,2,1,6,10,7,82,5,40,0,7,27,5
B459,2,2,1,1,14,11,119,6,46,1,2,4,4
B459,2,2,1,2,4,9,199,1,6,0,3,18,3
B459,2,2,1,3,1,6,156,4,40,0,2,6,1
B459,2,2,1,4,5,7,192,0,0,0,2,2,4
B459,2,2,1,5,7,9,219,2,8,0,4,20,1
B459,2,2,1,6,0,6,49,6,173,0,3,5,1
B460,2,2,2,1,12,10,85,2,7,0,5,33,8
B460,2,2,2,2,10,12,100,1,11,0,7,18,8
B460,2,2,2,3,3,5,44,2,28,0,6,58,7
B460,2,2,2,4,6,7,38,0,0,0,7,32,9
B460,2,2,2,5,10,7,77,2,87,0,3,8,5
B460,2,2,2,6,23,6,184,3,12,0,1,3,3
B463,2,2,2,1,6,9,72,0,0,0,9,31,10
B463,2,2,2,2,7,6,91,1,31,0,7,20,8
B463,2,2,2,3,5,8,112,1,2,0,8,46,6
B463,2,2,2,4,6,7,119,1,17,0,5,40,5
B463,2,2,2,5,11,7,159,4,57,0,3,11,4
B463,2,2,2,6,20,6,156,0,0,0,6,46,4
B474,2,2,1,1,14.5,3,50,1,6.5,0,NA,NA,7
B474,2,2,1,2,10,5,44,1,6.5,0,NA,NA,8.5
B474,2,2,1,3,5,3.5,28,1,23,1,NA,NA,3
B474,2,2,1,4,11.5,8,120,0.5,2.5,0,NA,NA,5
B474,2,2,1,5,4,5,28,0,0,0,NA,NA,4
B474,2,2,1,6,1.5,4.5,66.5,4,120.5,1,NA,NA,1
B475,2,2,2,1,21,11,109,1,6,0,6,9,8
B475,2,2,2,2,13,6,110,1,1,0,7,45,7
B475,2,2,2,3,13,8,113,3,15,0,7,15,7
B475,2,2,2,4,13,9,119,2,23,0,6,31,7
B475,2,2,2,5,6,12,91,4,37,0,5,8,7
B475,2,2,2,6,15,11,145,1,6,0,7,20,6
B476,2,2,1,1,8,5,38,0,0,0,5,8,10
B476,2,2,1,2,6,7,21,1,23,0,5,26,8
B476,2,2,1,3,3,5,28,1,6,0,6,90,6
B476,2,2,1,4,14,8,68,0,0,0,4,9,6
B476,2,2,1,5,9,8,82,2,24,0,0,0,4
B476,2,2,1,6,12,9,205,1,1,9,1,2,2
B478,2,2,1,1,4,8,50,2,29,0,7,10,6
B478,2,2,1,2,8,9,89,1,2,0,1,9,3
B478,2,2,1,3,14,3,130,2,78,0,0,0,2
B478,2,2,1,4,11,3,147,1,2,0,5,21,3
B478,2,2,1,5,3,6,46,2,41,0,5,19,5
B478,2,2,1,6,5,6,45,3,24,0,2,3,2
B484,2,2,2,1,11,8,138,2,14,0,5,12,8
B484,2,2,2,2,21,9,108,1,4,0,2,2,9
B484,2,2,2,3,16,12,83,1,20,0,4,44,7
B484,2,2,2,4,12,6,182,0,0,0,1,2,6
B484,2,2,2,5,26,11,89,2,12,0,3,7,8
B484,2,2,2,6,12,7,184,1,8,0,2,2,5
B485,2,2,2,1,27,9,130,0,0,0,4,15,9
B485,2,2,2,2,10,7,73,2,14,0,6,30,8
B485,2,2,2,3,14,10,102,1,2,0,7,23,8
B485,2,2,2,4,13,12,107,3,11,0,4,31,8
B485,2,2,2,5,14,6,149,0,0,0,5,45,4
B485,2,2,2,6,13,6,175,1,36,0,3,19,3
B486,2,2,1,1,18,12,145,1,8,0,2,4,6
B486,2,2,1,2,21,15,113,4,27,0,1,2,4
B486,2,2,1,3,14,9,126,2,7,0,1,34,5
B486,2,2,1,4,11,11,50,1,18,0,5,19,6
B486,2,2,1,5,11,5,146,1,15,0,0,0,0
B486,2,2,1,6,13,12,141,6,36,0,1,2,0
B487,2,2,1,1,0,0,0,0,0,0,0,0,0
B487,2,2,1,2,0,0,0,0,0,0,0,0,0
B487,2,2,1,3,0,0,0,0,0,0,0,0,0
B487,2,2,1,4,0,0,0,0,0,0,0,0,0
B487,2,2,1,5,0,0,0,0,0,0,0,0,0
B487,2,2,1,6,0,0,0,0,0,0,0,0,0
B491,1,1,1,1,25.5,6,163,2.5,49,7.5,NA,NA,4
B491,1,1,1,2,11,6,78.5,4.5,144.5,6,NA,NA,3
B491,1,1,1,3,10,7,174.5,3.5,47.5,4,NA,NA,3
B491,1,1,1,4,8,5,128.5,6.5,145,7,NA,NA,0
B491,1,1,1,5,15,6.5,168,5.5,63,3.5,NA,NA,2
B491,1,1,1,6,18.5,3,207.5,3,53,3,NA,NA,1
B491,1,1,2,1,38,8.5,146.5,0.5,2,0.5,NA,NA,6
B491,1,1,2,2,19,10,123.5,1.5,17,3,NA,NA,6
B491,1,1,2,3,30,6,185,3.5,48,4.5,NA,NA,2
B491,1,1,2,4,13,6.5,139,0,0,0,NA,NA,5
B491,1,1,2,5,13.5,4.5,137,3,63,4,NA,NA,3
B491,1,1,2,6,6.5,4.5,48,3,79.5,1,NA,NA,4
B504,1,NA,1,1,18,2,187.5,1,7,5,NA,NA,1
B504,1,NA,1,2,12.5,5,104.5,2,87,6,NA,NA,4
B504,1,NA,1,3,2.5,1,2,2.5,252.5,9,NA,NA,2
B504,1,NA,1,4,8,3.5,44,2.5,165.5,6,NA,NA,3
B504,1,NA,1,5,6.5,3,46.5,3,180,6.5,NA,NA,3
B504,1,NA,1,6,6,2,276,1,8,3.5,NA,NA,0.5
B504,1,NA,2,1,15,6.5,101.5,2,14,6,NA,NA,6
B504,1,NA,2,2,13.5,4.5,119,1,44,3,NA,NA,4
B504,1,NA,2,3,12,6,143,2,43,2,NA,NA,4
B504,1,NA,2,4,2.5,3,20.5,3,187,2.5,NA,NA,1
B504,1,NA,2,5,10.5,5.5,46,2.5,123.5,3.5,NA,NA,4
B504,1,NA,2,6,19,3,263,0,0,2,NA,NA,1
G116,2,2,2,1,12,7,111,6,65,0,3,11,5
G116,2,2,2,2,8,6,170,3,51,0,3,15,2
G116,2,2,2,3,3,3,45,3,153,2,4,34,2
G116,2,2,2,4,6,8,120,2,29,0,2,19,6
G116,2,2,2,5,4,4,86,1,53,0,5,105,3
G116,2,2,2,6,7,7,105,3,54,0,4,32,4
G117,2,2,2,1,26,8,156,1,9,0,2,5,9
G117,2,2,2,2,10,6,55,1,37,1,5,43,7
G117,2,2,2,3,10,10,133,1,4,2,5,31,5
G117,2,2,2,4,6,5,85,1,107,0,4,28,3
G117,2,2,2,5,7,3,59,2,166,1,0,0,2
G117,2,2,2,6,20,6,203,3,26,0,8,38,1
G118,2,2,2,1,12,7,112,2,65,0,4,9,7
G118,2,2,2,2,9,7,138,2,41,0,5,43,3
G118,2,2,2,3,2,2,53,1,144,0,4,74,2
G118,2,2,2,4,1,2,21,1,2,0,4,185,4
G118,2,2,2,5,3,4,88,2,145,0,1,16,1
G118,2,2,2,6,3,4,66,2,38,0,4,119,3
G119,2,2,2,1,6,7,104,3,26,1,4,10,8
G119,2,2,2,2,6,5,48,3,124,0,3,16,5
G119,2,2,2,3,10,6,197,2,20,0,3,14,4
G119,2,2,2,4,2,8,85,1,75,0,3,9,6
G119,2,2,2,5,3,5,56,1,59,0,5,30,6
G119,2,2,2,6,0,2,14,2,26,0,4,166,4
G120,2,2,2,1,17,9,134,1,1,0,6,18,7
G120,2,2,2,2,7,7,106,3,79,1,3,6,5
G120,2,2,2,3,8,8,95,5,63,0,2,6,7
G120,2,2,2,4,12,7,112,3,56,0,2,14,5
G120,2,2,2,5,7,7,74,3,83,0,4,66,3
G120,2,2,2,6,8,7,137,2,37,0,6,40,4
G122,2,2,1,1,6,6,111,2,7,0,6,22,6
G122,2,2,1,2,6,5,69,1,65,0,5,16,5
G122,2,2,1,3,3,4,98,1,6,0,4,13,4
G122,2,2,1,4,5,4,81,1,74,0,4,16,2
G122,2,2,1,5,7,4,93,0,0,0,5,25,4
G122,2,2,1,6,10,6,111,0,0,0,5,16,2
G124,2,2,2,1,8,4,89,3,73,1,5,21,7
G124,2,2,2,2,5,8,112,5,82,1,1,5,5
G124,2,2,2,3,2,6,70,2,78,0,5,26,5
G124,2,2,2,4,6,4,76,2,147,0,2,12,3
G124,2,2,2,5,10,8,111,1,5,0,5,48,6
G124,2,2,2,6,2,5,87,5,190,0,0,0,0
G126,2,2,1,1,4,5.333333333,21,1,2.333333333,0,10.33333333,34.33333333,10.33333333
G126,2,2,1,2,1,4.333333333,19.33333333,3,49.66666667,0,6,25.33333333,5.333333333
G126,2,2,1,3,1.333333333,2.666666667,19.66666667,1.666666667,24,0,8.666666667,26,9.666666667
G126,2,2,1,4,2.666666667,4,51.33333333,0,0,0,9.333333333,38.66666667,8
G126,2,2,1,5,5.666666667,3.666666667,101,2.666666667,78.66666667,0,2,6.333333333,2
G126,2,2,1,6,2.333333333,1.333333333,5,4.333333333,194.3333333,1,4,19.66666667,2
G126,2,2,2,1,7,10,87,4,24,1,8,18,9
G126,2,2,2,2,9,10,88,3,33,0,5,11,7
G126,2,2,2,3,8,6,191,0,0,0,1,3,6
G126,2,2,2,4,9,6,192,0,0,0,2,4,4
G126,2,2,2,5,2,6,40,4,178,1,1,6,4
G126,2,2,2,6,1,8,81,3,21,0,7,48,6
G127,2,2,1,1,3.333333333,5,43.55,1,31,0,4.333333333,15.66666667,7
G127,2,2,1,2,5,5,111,1,2.333333333,0,5.666666667,31.66666667,3
G127,2,2,1,3,2.666666667,5.333333333,80,1,1.666666667,0,3.333333333,42,6.333333333
G127,2,2,1,4,3.666666667,3,107,0.333333333,3.333333333,0,4.333333333,23,3.666666667
G127,2,2,1,5,3,1.666666667,226.6666667,0,0,0,1,3,1
G127,2,2,1,6,5,3,181.3333333,1.333333333,10.33333333,0,2.333333333,10.66666667,2
G127,2,2,2,1,11,7,107,1,7,0,5,11,10
G127,2,2,2,2,10,9,142,2,3,0,5,18,6
G127,2,2,2,3,6,4,161,2,107,0,0,0,1
G127,2,2,2,4,15,5,194,1,6,0,5,47,3
G127,2,2,2,5,11,10,102,6,41,0,4,27,5
G127,2,2,2,6,3,7,128,3,17,0,5,34,5
G150,1,1,1,1,4,3.5,98,2,85.5,2,NA,NA,3
G150,1,1,1,2,1.5,3,42,2.5,151,1,NA,NA,3
G150,1,1,1,3,7.5,6,91,3,134,3,NA,NA,3.5
G150,1,1,1,4,8,3,66,2,124,1,NA,NA,1
G150,1,1,1,5,2.5,1,3.5,3,189,2,NA,NA,0
G150,1,1,1,6,1,2,126,2.5,28,0,NA,NA,1
G150,1,1,2,1,9.5,5,136,2,39.5,1,NA,NA,4
G150,1,1,2,2,6,2.5,68.5,3,195,0.5,NA,NA,0
G150,1,1,2,3,5,4.5,110.5,2,18,0.5,NA,NA,3
G150,1,1,2,4,0.5,1.5,9,6,243.5,2,NA,NA,0
G150,1,1,2,5,1,1,31.5,4,162,0,NA,NA,0
G150,1,1,2,6,0,0.5,4,0,0,0,NA,NA,0
G155,1,1,2,1,23.5,5,197,0,3,2,NA,NA,3
G155,1,1,2,2,12,6.5,95.5,5,46,4.5,NA,NA,0
G155,1,1,2,3,11,3,120.21,2,43.695,2.5,NA,NA,4
G155,1,1,2,4,1,1,6.7,3,129,1,NA,NA,0
G155,1,1,2,5,10.5,1.5,130,0.5,1.5,1.5,NA,NA,1
G155,1,1,2,6,8,3,170.5,1.5,86,1,NA,NA,1
G163,2,2,1,1,6.5,5,46.5,1.5,16,0,6.5,21.5,8
G163,2,2,1,2,4.5,4,87.5,2,67.5,0,3.5,22.5,4
G163,2,2,1,3,2,3,21.5,3,29.5,0,4,17,5
G163,2,2,1,4,3.5,0.5,1.5,2,73.5,0,2,11.5,2
G163,2,2,1,5,7.5,4.5,50,1,9.5,0,8,31,8
G163,2,2,1,6,2.5,3,101.5,0,0,0,2.5,8,4
G164,2,2,1,1,4.5,5.5,33,1,4,0,8.5,35.5,9
G164,2,2,1,2,4.5,7.5,63,2.5,25.5,0,7,19.5,6.5
G164,2,2,1,3,4,3.5,58,1,49,0,4.5,31.5,5
G164,2,2,1,4,1,3,50,1.5,90.5,0,3,18,2.5
G164,2,2,1,5,5,3,57.5,2.5,60,0,3.5,31,4
G164,2,2,1,6,3.5,5,125.5,2,43,0,4.5,29,3
G164,2,2,2,1,11,6,149,1,5,0,3,7,8
G164,2,2,2,2,13,7,136,1,14,0,5,20,5
G164,2,2,2,3,8,5,101,3,150,0,0,0,2
G164,2,2,2,4,6,2,156,2,134,0,0,0,0
G164,2,2,2,5,11,7,143,1,9,0,3,17,6
G164,2,2,2,6,8,2,255,0,0,0,1,40,0
G165,2,2,1,1,7.5,4,44.5,2,27,0,6.5,26.5,8
G165,2,2,1,2,7.5,5.5,121.5,3.5,36.5,0,3,18.5,3
G165,2,2,1,3,5,3,66.5,1,15,0,4.5,40,3.5
G165,2,2,1,4,3.5,3,135.5,1.5,7,0,2,81.5,1.5
G165,2,2,1,5,3,3,113,3,79.5,0,3,7,2
G165,2,2,1,6,1,0,0,1,170.5,0,0,0,0
G166,2,2,2,1,12,6,154,1,2,0,3,10,7
G166,2,2,2,2,9,6,196,2,3,0,1,3,5
G166,2,2,2,3,10,4,185,2,15,0,2,5,4
G166,2,2,2,4,7,4,229,0,0,0,2,9,2
G166,2,2,2,5,2,5,230,2,2,0,2,19,2
G166,2,2,2,6,10,7,178,3,27,1,6,65,0
G172,1,1,1,1,5.5,2,44.76,3,172.9,4,NA,NA,1
G172,1,1,1,2,0.5,1,16,3,109.025,2,NA,NA,1
G172,1,1,1,3,3,1,38.17,1,88.31,4,NA,NA,1
G172,1,1,1,4,0,0,0,0,0,0,NA,NA,0
G172,1,1,1,5,0,0.5,2,2,27.585,0.5,NA,NA,0
G172,1,1,1,6,6.5,4,70.825,5,142.35,7,NA,NA,0
G172,1,1,2,1,7.5,4.5,60,4.5,138.5,3.5,NA,NA,1.5
G172,1,1,2,2,3.5,2.5,28,2.5,87,2,NA,NA,2
G172,1,1,2,3,0.5,1.5,18.5,2.5,138,3.5,NA,NA,0.5
G172,1,1,2,4,0.5,1,9.5,0.5,4,0,NA,NA,0
G172,1,1,2,5,0,0.5,2.5,1,14.5,0.5,NA,NA,0
G172,1,1,2,6,3,2,50,2,57.5,3.5,NA,NA,0
G173,1,1,1,1,11.5,6,205.035,2.5,30.765,6,NA,NA,2
G173,1,1,1,2,2.5,5,140.41,2,45.02,1,NA,NA,2.5
G173,1,1,1,3,5.5,3,209.68,1,31.5,2,NA,NA,1
G173,1,1,1,4,6,2.5,254.975,1.5,32.96,2,NA,NA,0
G173,1,1,1,5,17,3,266.43,2,21.945,2,NA,NA,0
G173,1,1,1,6,2.5,1,180,0,0,0,NA,NA,0
G174,2,2,1,1,13,8,102,2,16,0,5,18,8
G174,2,2,1,2,13,7,160,0,0,0,7,13,4
G174,2,2,1,3,9,6,69,1,29,0,6,12,6
G174,2,2,1,4,21,5,201,1,3,0,4,7,2
G174,2,2,1,5,23,3,242,1,1,0,2,4,1
G174,2,2,1,6,3,6,131,4,79,0,1,2,0
G174,2,2,2,1,14,9,110,1,7,0,4,8,9
G174,2,2,2,2,10,8,137,2,2,0,4,7,8
G174,2,2,2,3,6,4,199,0,0,0,1,1,5
G174,2,2,2,4,9,8,98,3,55,0,1,1,6
G174,2,2,2,5,12,8,176,3,11,0,2,10,4
G174,2,2,2,6,14,4,222,1,59,0,2,15,1
G175,2,2,1,1,3,2,11,4,22,0,9,28,10
G175,2,2,1,2,5,5,68,2,25,0,7,28,6
G175,2,2,1,3,3,2,32,0,0,0,7,53,7
G175,2,2,1,4,3,3,9,2,67,1,5,102,3
G175,2,2,1,5,4,7,90,1,8,0,6,26,5
G175,2,2,1,6,2,2,76,2,72,0,4,20,2
G175,2,2,2,1,20,11,127,1,9,0,6,11,9
G175,2,2,2,2,8,9,93,6,49,0,5,26,6
G175,2,2,2,3,4,6,124,2,73,0,4,15,5
G175,2,2,2,4,4,5,88,3,164,0,0,0,1
G175,2,2,2,5,7,7,129,3,83,0,4,19,3
G175,2,2,2,6,7,6,154,4,111,0,3,18,1
G176,2,2,1,1,15,10,47,0,0,0,9,25,10
G176,2,2,1,2,11,5,90,2,45,0,5,13,5
G176,2,2,1,3,5,3,37,0,0,0,12,60,9
G176,2,2,1,4,3,8,42,0,0,0,6,13,9
G176,2,2,1,5,14,8,97,2,10,0,7,25,6
G176,2,2,1,6,8,3,76,1,2,0,4,21,2
G176,2,2,2,1,39,8,148,1,2,0,1,2,10
G176,2,2,2,2,29,9,177,4,8,0,2,6,5
G176,2,2,2,3,27,5,223,1,2,0,2,7,3
G176,2,2,2,4,16,7,138,1,27,0,3,8,6
G176,2,2,2,5,21,6,224,3,36,0,2,8,1
G176,2,2,2,6,33,5,255,2,28,0,3,12,0
G177,2,2,1,1,19,6,184,0,0,0,3,7,4
G177,2,2,1,2,22,6,200,2,9,0,4,11,2
G177,2,2,1,3,7,7,156,4,79,0,2,3,1
G177,2,2,1,4,4,8,147,4,42,0,5,48,0
G177,2,2,1,5,0,5,63,5,177,0,0,0,0
G177,2,2,1,6,2,4,190,1,9,0,3,13,3
G178,2,2,1,1,14,9,62,0,0,0,10,23,10
G178,2,2,1,2,13,10,69,0,0,0,8,36,7
G178,2,2,1,3,16,7,143,1,16,0,4,8,5
G178,2,2,1,4,3,9,94,2,29,0,6,25,4
G178,2,2,1,5,14,7,164,1,1,0,4,12,4
G178,2,2,1,6,4,7,80,5,45,0,3,5,3
G178,2,2,2,1,23,9,161,0,0,0,6,13,10
G178,2,2,2,2,12,8,124,3,58,0,2,9,5
G178,2,2,2,3,4,3,150,1,78,0,3,10,3
G178,2,2,2,4,10,8,146,3,39,0,1,8,5
G178,2,2,2,5,8,4,178,3,78,0,0,0,2
G178,2,2,2,6,16,5,158,1,53,0,3,10,4
G182,1,1,1,1,15,7.5,116,3,31,2.5,NA,NA,8
G182,1,1,1,2,10.5,3.5,34.15,4,192.96,8,NA,NA,2
G182,1,1,1,3,16.5,4.5,156.815,3.5,75.395,4.5,NA,NA,2
G182,1,1,1,4,6,3.5,112.5,3.5,104,3,NA,NA,1
G182,1,1,1,5,8.5,5.5,165.5,2,60,5,NA,NA,1
G182,1,1,1,6,5.5,4,210,1,8.19,2,NA,NA,2
G182,1,1,2,1,12.5,4,99.5,0,0,0,NA,NA,7
G182,1,1,2,2,11.5,6.5,113,3,51,2,NA,NA,5
G182,1,1,2,3,25,7,103,0.5,0.5,0.5,NA,NA,4
G182,1,1,2,4,17.5,8,99.5,0.5,1.5,3.5,NA,NA,2
G182,1,1,2,5,7,4,75.5,0,0,0,NA,NA,3
G182,1,1,2,6,9,7.5,86.5,0,0,0,NA,NA,6
G184,2,2,2,1,11,9,117,1,5,0,2,7,9
G184,2,2,2,2,7,7,178,3,15,0,1,2,4
G184,2,2,2,3,11,7,149,3,31,0,5,9,5
G184,2,2,2,4,9,5,211,0,0,0,3,6,4
G184,2,2,2,5,12,2,231,3,43,0,1,4,1
G184,2,2,2,6,17,7,160,3,56,0,4,17,4
G185,2,2,2,1,9,8,126,0,0,0,4,7,6
G185,2,2,2,2,6,8,131,3,12,0,4,15,5
G185,2,2,2,3,6,7,100,1,5,0,5,32,8
G185,2,2,2,4,1,5,138,3,93,1,5,22,2
G185,2,2,2,5,1,4,63,3,186,0,2,6,1
G185,2,2,2,6,4,6,199,2,20,0,4,12,3
G186,2,2,1,1,4,5,117,0,0,0,6,21,6
G186,2,2,1,2,7,4,68,1,3,0,7,65,5
G186,2,2,1,3,7,4,40,3,44,1,7,85,3
G186,2,2,1,4,2,1,156,1,30,1,4,7,1
G186,2,2,1,5,4,2,74,2,74,0,6,18,4
G186,2,2,1,6,8,4,140,1,12,0,5,55,3
G187,2,2,1,1,3,4,27,2,19,0,8,42,8
G187,2,2,1,2,2,1,12,5,115,2,4,7,5
G187,2,2,1,3,2,4,34,6,152,1,5,17,2
G187,2,2,1,4,10,6,60,0,0,0,3,7,5
G187,2,2,1,5,0,2,3,2,54,0,1,1,1
G187,2,2,1,6,2,1,4,2,14,0,7,86,6
G220,2,2,2,1,13,6,213,1,8,0,4,10,4
G220,2,2,2,2,12,6,169,0,0,0,3,5,4
G220,2,2,2,3,5,5,82,1,64,0,5,44,5
G220,2,2,2,4,7,5,179,2,17,0,3,15,4
G220,2,2,2,5,6,4,90,2,182,1,1,4,1
G220,2,2,2,6,12,5,192,0,0,0,2,4,5
G221,2,2,2,1,12,9,125,1,2,0,3,5,9
G221,2,2,2,2,12,3,191,1,11,0,4,14,3
G221,2,2,2,3,6,5,87,4,94,0,2,22,4
G221,2,2,2,4,12,6,199,1,7,0,2,5,4
G221,2,2,2,5,7,6,106,1,3,0,6,63,6
G221,2,2,2,6,9,5,158,1,71,0,3,9,3
G224,2,2,2,1,15,11,122,1,5,0,7,21,9
G224,2,2,2,2,25,5,243,1,1,0,3,11,3
G224,2,2,2,3,8,8,127,1,3,0,7,19,6
G224,2,2,2,4,10,8,91,3,81,0,4,15,5
G224,2,2,2,5,16,6,196,0,0,0,2,6,5
G224,2,2,2,6,18,4,167,2,95,0,1,1,2
G226,2,2,1,1,8,5,47,1,2,0,6,18,6
G226,2,2,1,2,4,5,61,3,100,0,3,16,3
G226,2,2,1,3,1,1,9,1,203,0,1,3,1
G226,2,2,1,4,4,2,30,3,80,1,4,14,2
G226,2,2,1,5,0,2,18,4,22,0,0,0,0
G226,2,2,1,6,0,1,6,1,6,0,0,0,0
G231,2,2,1,1,10,6,97,3,4,1,5,12,6
G231,2,2,1,2,6,4,29,3,103,0,6,12,5
G231,2,2,1,3,2,2,24,2,147,1,1,2,2
G231,2,2,1,4,0,1,28,1,34,0,0,0,0
G231,2,2,1,5,1,1,6,3,36,1,1,3,1
G231,2,2,1,6,7,4,63,4,14,1,9,33,6
G233,2,2,1,1,2,2,46,0,0,0,0,0,0
G233,2,2,1,2,0,1,31,0,0,0,2,6,0
G233,2,2,1,3,0,1,13,0,0,0,0,0,0
G233,2,2,1,4,2,2,123,1,13,0,3,7,1
G233,2,2,1,5,2,2,13,1,95,0,5,9,2
G233,2,2,1,6,0,1,40,0,0,1,8,20,0
G254,1,NA,1,1,13.5,6.5,145.435,2,39.19,4,NA,NA,5
G254,1,NA,1,2,9.5,6,142,4.5,109.75,7,NA,NA,1
G254,1,NA,1,3,6.5,5,120.905,3,131.87,8,NA,NA,1
G254,1,NA,1,4,7,4,182.685,0,0,2,NA,NA,4
G254,1,NA,1,5,10,4,183.5,1,67.92,5,NA,NA,2
G254,1,NA,1,6,6,2.5,212.5,0.5,9.355,3,NA,NA,1
G254,1,NA,2,1,22,6,130,1.5,24,0.5,NA,NA,4.5
G254,1,NA,2,2,20,4.5,218.5,1,9,2,NA,NA,2
G254,1,NA,2,3,14.5,6.5,158,3.5,40,1.5,NA,NA,1.5
G254,1,NA,2,4,21,4.5,112.5,2,34,1,NA,NA,3
G254,1,NA,2,5,11,5,172.5,0.5,15.5,1,NA,NA,3
G254,1,NA,2,6,17.5,5.5,208.5,1,21,1.5,NA,NA,2
G258,1,2,1,1,27,5.5,114.02,3,76.81,8,NA,NA,3
G258,1,2,1,2,3,2,25.925,4.5,236.195,7,NA,NA,0
G258,1,2,1,3,10.5,5,129.56,0.5,29.655,3.5,NA,NA,5
G258,1,2,1,4,7,2.5,124.745,1.5,156.4,5.5,NA,NA,3
G258,1,2,1,5,5,4,135.135,3.5,42.675,4,NA,NA,2
G258,1,2,1,6,9,4,89.285,4,58.515,5,NA,NA,2
G258,1,2,2,1,18.5,5.5,126.5,3,101.84,1,NA,NA,3
G258,1,2,2,2,14.5,7,164.5,1,25.745,1,NA,NA,5
G258,1,2,2,3,8.5,4.5,137,2,102.975,2,NA,NA,2
G258,1,2,2,4,6.5,4,120.64,1.5,84.5,1,NA,NA,3
G258,1,2,2,5,7,3.5,149.5,2,62.685,1,NA,NA,2
G258,1,2,2,6,17,4.5,237.745,1,4.82,0,NA,NA,3
G266,1,2,1,1,19,6,140.3566667,1.666666667,34.63,5,NA,NA,5
G266,1,2,1,2,10,4,125.0466667,3.666666667,102.7866667,5.666666667,NA,NA,1
G266,1,2,1,3,3.333333333,2.666666667,71.02666667,3.333333333,115.5866667,5.333333333,NA,NA,1
G266,1,2,1,4,1.333333333,0,0,2.333333333,232.0033333,9.666666667,NA,NA,0
G266,1,2,1,5,1.666666667,1,10.21333333,1.333333333,77.12,4.333333333,NA,NA,1
G266,1,2,1,6,5.333333333,2.666666667,23.67,3.666666667,77.07666667,5.666666667,NA,NA,1
G266,1,2,2,1,17.5,5.5,171,0,0,1,NA,NA,5
G266,1,2,2,2,14,5.5,224.5,2,11,0.5,NA,NA,2
G266,1,2,2,3,4,6.5,155.5,1.5,15.5,0.5,NA,NA,5
G266,1,2,2,4,6,5,162.5,0,0,1.5,NA,NA,3.5
G266,1,2,2,5,0.5,3,86.5,1.5,45.235,0.5,NA,NA,2
G266,1,2,2,6,6,4.5,185,2,73.1,3.5,NA,NA,0
G279,1,NA,1,1,12,4.5,80.565,2.5,165.085,8.5,NA,NA,2
G279,1,NA,1,2,6.5,5.5,90.205,3.5,160,7,NA,NA,2
G279,1,NA,1,3,4.5,6.5,117.69,5.5,107.87,6.5,NA,NA,2
G279,1,NA,1,4,0,1,53.5,1,80,2,NA,NA,0
G279,1,NA,1,5,3,2.5,41,2,196.25,5.5,NA,NA,1
G279,1,NA,1,6,1,2,40,1,22.5,2,NA,NA,1
G279,1,NA,2,1,20.5,8,96,2.5,66,3,NA,NA,6
G279,1,NA,2,2,17,8.5,152.5,3,34,3,NA,NA,5
G279,1,NA,2,3,10.5,6,157.5,2.5,34,3,NA,NA,3
G279,1,NA,2,4,11.5,8,101.5,3.5,91,1,NA,NA,4
G279,1,NA,2,5,8.5,4,131,1,20,2.5,NA,NA,3
G279,1,NA,2,6,13,7.5,161,4.5,49,2.5,NA,NA,3
G311,1,NA,2,1,19.5,5,203,0.5,1.5,0,NA,NA,4
G311,1,NA,2,2,19,3,195.5,0,0,0,NA,NA,3
G311,1,NA,2,3,13,3.5,216,0,0,0,NA,NA,3
G311,1,NA,2,4,7.5,4,233,1.5,7,1,NA,NA,2
G311,1,NA,2,5,12,4.5,225,1,7.5,0,NA,NA,2
G311,1,NA,2,6,12.5,6,149,1.5,11.5,1,NA,NA,1
G327,1,NA,1,1,3,3,32.51,1,218.435,5.5,NA,NA,2
G327,1,NA,1,2,12,4,146.89,1.5,73.14,6.5,NA,NA,3.5
G327,1,NA,1,3,3.5,1,9.385,2.5,283.565,7.5,NA,NA,0.5
G327,1,NA,1,4,4.5,5.5,80.96,2.5,112.9,3,NA,NA,2.5
G327,1,NA,1,5,0,1,13.085,1,49.68,0.5,NA,NA,0
G327,1,NA,1,6,0,1,13.395,0,0,0,NA,NA,0
G327,1,NA,2,1,6,6.5,62.5,0.5,101.5,3,NA,NA,6
G327,1,NA,2,2,14.5,6.5,109.5,2,43,5.5,NA,NA,5
G327,1,NA,2,3,16,5,47,2.5,143,5,NA,NA,3.5
G327,1,NA,2,4,6,4,46.5,2,122,3.5,NA,NA,2.5
G327,1,NA,2,5,9,9,32,1.5,40,1,NA,NA,3.5
G327,1,NA,2,6,9,5,51.5,0,0,1,NA,NA,4
G365,1,NA,1,1,11,5.75,125.25,2.75,79.375,6,NA,NA,4
G365,1,NA,1,2,12.5,4.25,192.375,0.75,11.5,3,NA,NA,3
G365,1,NA,1,3,10,4.5,174.375,1,29.6775,3,NA,NA,4
G365,1,NA,1,4,3.5,3.75,100.4125,5.25,153.8575,8.75,NA,NA,1
G365,1,NA,1,5,0.25,3,23.49,4.5,253.3725,6.5,NA,NA,0
G365,1,NA,1,6,1,3.25,33.535,4.5,40.32,2,NA,NA,0
G392,1,NA,1,1,34,3,242.605,1,31.29,8,NA,NA,1
G392,1,NA,1,2,8.5,4,121.82,2,148.31,7.5,NA,NA,1.5
G392,1,NA,1,3,26.5,5,181.64,1,15.285,7,NA,NA,2
G392,1,NA,1,4,8.5,4,118.675,3,146,9,NA,NA,1
G392,1,NA,1,5,1,4,67.5,4,95,6,NA,NA,0
G392,1,NA,1,6,0,0,0,0,0,0,NA,NA,0
G614,1,NA,1,1,26.5,4,78,2,51.43,6,NA,NA,3
G614,1,NA,1,2,21,3,47.7,3,113.76,5,NA,NA,3
G614,1,NA,1,3,9,2.5,22.625,3,255.605,6,NA,NA,0
G614,1,NA,1,4,14,3,66.795,3,172.305,3,NA,NA,1
G614,1,NA,1,5,7,3.5,46,4.5,223,3,NA,NA,1
G614,1,NA,1,6,15.5,4,111.5,4,104.29,5,NA,NA,2
G614,1,NA,2,1,22,7.5,132.5,0.5,2.5,1,NA,NA,7
G614,1,NA,2,2,23,5,196,0.5,0.5,0.5,NA,NA,3.5
G614,1,NA,2,3,26.5,3.5,216,0,0,0.5,NA,NA,2
G614,1,NA,2,4,16,6.5,124,0,0,1,NA,NA,7
G614,1,NA,2,5,11.5,5,123.5,0,0,0,NA,NA,5
G614,1,NA,2,6,16.5,4.5,146.5,1.5,37.5,0,NA,NA,3
T159,2,2,2,1,29,9,95,2,17,0,5,9,10
T159,2,2,2,2,17,10,124,4,72,0,3,6,4
T159,2,2,2,3,13,6,111,2,11,0,4,26,7
T159,2,2,2,4,24,7,139,2,50,0,4,12,4
T159,2,2,2,5,18,7,191,5,60,0,1,20,1
T159,2,2,2,6,9,6,164,1,2,0,3,9,5
T160,2,2,2,1,36,8,131,1,5,0,7,18,9
T160,2,2,2,2,33,8,192,3,13,0,2,5,4
T160,2,2,2,3,12,10,110,1,22,0,4,9,8
T160,2,2,2,4,20,4,213,1,2,0,2,38,1
T160,2,2,2,5,27,5,255,1,21,0,4,19,0
T160,2,2,2,6,27,5,237,1,7,0,4,24,1
T213,1,2,1,1,21,5,138.285,1,27.135,3,NA,NA,5
T213,1,2,1,2,10,3,215.055,1,4.045,4.5,NA,NA,1
T213,1,2,1,3,11.5,4.5,76.45,3,33.265,6,NA,NA,3
T213,1,2,1,4,10,3,172.045,2,90.26,7.5,NA,NA,0
T213,1,2,1,5,5.5,3.5,187.875,0,0,3,NA,NA,2
T213,1,2,1,6,1,1,155.915,1,38.985,2,NA,NA,0
T213,1,2,2,1,22.5,7.5,91,0.5,1.5,4,NA,NA,5
T213,1,2,2,2,10.5,6.5,74,0,0,0.5,NA,NA,4
T213,1,2,2,3,15,5,82,0,0,7,NA,NA,5
T213,1,2,2,4,7,3.5,80,1,9,3,NA,NA,2
T213,1,2,2,5,12,5,87,0,0,2,NA,NA,4
T213,1,2,2,6,10.5,5,82.5,1,7.5,3,NA,NA,4
T217,1,1,1,1,11.5,3.5,252,0,0,1.5,NA,NA,2
T217,1,1,1,2,12.5,2.5,265,1.5,10.5,2.5,NA,NA,1
T217,1,1,1,3,12.5,3.5,248,0.5,0.5,2,NA,NA,2
T217,1,1,1,4,7.5,3,172,2,46.5,3,NA,NA,0
T217,1,1,1,5,4,1,264,0,0,2,NA,NA,0
T217,1,1,1,6,12.5,2.5,164,1,104,6,NA,NA,1
T217,1,1,2,1,21.5,5.5,176.5,1,4.5,1,NA,NA,4
T217,1,1,2,2,18,5,122.5,3,43.5,1.5,NA,NA,3
T217,1,1,2,3,15.5,5,118,3.5,62.5,3,NA,NA,2
T217,1,1,2,4,19,5,77.5,2.5,93.5,3,NA,NA,3
T217,1,1,2,5,14,7,113.5,4.5,85.5,3,NA,NA,3
T217,1,1,2,6,16.5,6,165,0.5,0.5,0.5,NA,NA,5
T218,1,1,1,1,18.5,7.5,136.5,0,0,2,NA,NA,8
T218,1,1,1,2,9,6,136,2,50,3,NA,NA,4.5
T218,1,1,1,3,15.5,4,231,0,0,3,NA,NA,3
T218,1,1,1,4,15.5,3.5,188,2,51.5,4,NA,NA,1
T218,1,1,1,5,1.5,2.5,96.5,2,153,3,NA,NA,0
T218,1,1,1,6,5,3,93,0.5,5.5,2,NA,NA,2
T218,1,1,2,1,18,8.5,74.5,0,0,0,NA,NA,7.5
T218,1,1,2,2,25.5,5,158,0,0,0,NA,NA,5
T218,1,1,2,3,20,9,115,0.5,1.5,1,NA,NA,6
T218,1,1,2,4,18.5,8,114.5,1,11,1,NA,NA,5
T218,1,1,2,5,21,5.5,165.5,1,13,0.5,NA,NA,5
T218,1,1,2,6,13,7,120.5,1.5,25.5,0.5,NA,NA,5
T234,1,NA,1,1,28,5.5,182.5,0,0,2,NA,NA,5
T234,1,NA,1,2,9,6.5,131.5,2.5,62,4.5,NA,NA,4
T234,1,NA,1,3,2.5,3.5,86,3.5,162,6,NA,NA,1
T234,1,NA,1,4,0,0.5,1,2,260,4,NA,NA,1
T234,1,NA,1,5,0,0,0,1,124.5,1,NA,NA,0
T234,1,NA,1,6,0,1,24.5,0,0,0,NA,NA,0
T234,1,NA,2,1,25.5,8.5,121,0,0,0.5,NA,NA,7
T234,1,NA,2,2,15.5,6.5,176.5,0,0,0.5,NA,NA,5
T234,1,NA,2,3,14.5,7,129.5,0,0,0,NA,NA,7
T234,1,NA,2,4,19.5,4,193.5,0,0,0,NA,NA,4
T234,1,NA,2,5,25.5,5.5,147.5,1,26.5,1,NA,NA,4
T234,1,NA,2,6,45.5,6.5,172,1.5,4.5,1,NA,NA,3.5
T250,1,NA,1,1,5,5,93,5,88.5,7.5,NA,NA,2
T250,1,NA,1,2,7,2.5,39,2,178.5,3.5,NA,NA,3
T250,1,NA,1,3,0.5,2,28,3,74,3.5,NA,NA,0
T250,1,NA,1,4,0,0,0,1,52.5,0,NA,NA,0
T250,1,NA,1,5,1.5,1.5,23.5,1,34,2,NA,NA,0
T250,1,NA,1,6,4,2,76.5,0,0,2,NA,NA,1
T250,1,NA,2,1,16.5,12,88,1,14.5,1,NA,NA,6
T250,1,NA,2,2,16,8,148,0,0,0,NA,NA,4
T250,1,NA,2,3,11.5,7,101.5,4,116,3,NA,NA,1
T250,1,NA,2,4,22,7,111,3,46.5,1.5,NA,NA,4
T250,1,NA,2,5,12,8.5,89,1,7,0,NA,NA,4
T250,1,NA,2,6,33.5,7.5,149,3,52.5,1,NA,NA,1
T287,1,NA,1,1,30.25,2.75,253,0,0,4.5,NA,NA,2
T287,1,NA,1,2,7.25,3,238.5,2,27.5,4,NA,NA,1
T287,1,NA,1,3,11.75,2.75,107.5,1,74.75,5,NA,NA,2
T287,1,NA,1,4,5,3.5,224.75,2.25,36.25,4,NA,NA,1
T287,1,NA,1,5,6,4,220.75,2,42.75,4.5,NA,NA,1
T287,1,NA,1,6,3,3.5,111.25,3.5,157,5,NA,NA,0
T287,1,NA,2,1,28,7.5,171.5,1.5,12.5,0,NA,NA,4
T287,1,NA,2,2,28,9,160,1,30,1,NA,NA,4
T287,1,NA,2,3,11.5,8,79.5,1,30,0.5,NA,NA,4.5
T287,1,NA,2,4,8,7.5,118.5,1,27,1.5,NA,NA,5
T287,1,NA,2,5,14.5,6,181.5,3,11,2,NA,NA,2
T287,1,NA,2,6,16.5,5.5,105,1.5,24,2,NA,NA,2
T293,1,NA,1,1,20,6.666666667,119.3333333,3,91.66666667,8,NA,NA,4
T293,1,NA,1,2,10.33333333,5,173.6666667,3.666666667,40.66666667,7,NA,NA,3
T293,1,NA,1,3,6.333333333,3,74.33333333,2.666666667,114.6666667,9,NA,NA,4
T293,1,NA,1,4,5.333333333,1.333333333,59.66666667,1,228,15.66666667,NA,NA,0
T293,1,NA,1,5,4.666666667,2.666666667,148.3333333,1,103.3333333,14,NA,NA,2
T293,1,NA,1,6,9.666666667,3,167.3333333,1.333333333,100.6666667,14,NA,NA,1
T301,1,NA,1,1,11,4,94.5,0,0,4,NA,NA,9
T301,1,NA,1,2,8.5,3,184,0,0,6.5,NA,NA,4
T301,1,NA,1,3,6,3,115.5,1,85.5,7,NA,NA,2
T301,1,NA,1,4,0,1,4.5,2,141,6,NA,NA,1
T301,1,NA,1,5,2,2,108,2,51,8.5,NA,NA,2
T301,1,NA,1,6,0,1,70,2,39.5,6,NA,NA,4
T301,1,NA,2,1,22,7,171,0.5,3,1,NA,NA,4
T301,1,NA,2,2,13.5,6.5,111.5,0.5,3.5,1.5,NA,NA,4.5
T301,1,NA,2,3,17,5.5,138.5,0.5,6.5,0,NA,NA,5
T301,1,NA,2,4,16.5,6,154.5,0,0,0,NA,NA,3
T301,1,NA,2,5,10,4,87,2,47.5,1,NA,NA,4
T301,1,NA,2,6,30.5,8.5,121.5,2,10,3,NA,NA,1
T337,1,NA,1,1,18.5,4.5,218.5,0,0,9,NA,NA,5
T337,1,NA,1,2,9.5,1.5,55.5,2,228,10,NA,NA,0
T337,1,NA,1,3,4,3,29,4.5,119.5,10,NA,NA,3
T337,1,NA,1,4,10,5.5,136,2.5,70.5,10,NA,NA,5
T337,1,NA,1,5,0,0,0,1,150,8,NA,NA,1
T337,1,NA,1,6,0,0.5,2.5,0.5,2,0,NA,NA,0
T337,1,NA,2,1,22,7.5,160.5,0,0,5,NA,NA,5.5
T337,1,NA,2,2,14,3.5,130.5,1,112.5,6,NA,NA,1.5
T337,1,NA,2,3,10.5,4,143,2,68.5,4,NA,NA,3
T337,1,NA,2,4,13.5,4,134.5,1,36,4,NA,NA,3.5
T337,1,NA,2,5,8,5,65.5,2,83.5,4,NA,NA,2
T337,1,NA,2,6,7.5,2.5,112,0,0,0,NA,NA,0.5
T344,1,NA,1,1,14.66666667,5.333333333,181.3333333,3.666666667,51.97666667,5.666666667,NA,NA,3
T344,1,NA,1,2,11,3,199,2,69,2.666666667,NA,NA,1
T344,1,NA,1,3,9,3,49.66666667,2,231,5.666666667,NA,NA,0
T344,1,NA,1,4,0,1,3.333333333,2,283.6666667,1.333333333,NA,NA,0
T344,1,NA,1,5,0,0.333333333,3,1,18.33333333,0,NA,NA,0
T344,1,NA,1,6,0,0,0,0.666666667,13.66666667,0,NA,NA,0
T344,1,NA,2,1,15.5,5.5,191.5,1,11.5,3,NA,NA,4
T344,1,NA,2,2,15,4.5,209.5,2.5,44.5,1.5,NA,NA,1.5
T344,1,NA,2,3,11.5,5,106.5,2.5,130,2.5,NA,NA,2
T344,1,NA,2,4,7,2.5,111.5,1.5,164.5,0,NA,NA,1
T344,1,NA,2,5,7,3.5,79.5,2.5,29,0,NA,NA,2
T344,1,NA,2,6,6,4,82.5,1,13.5,0,NA,NA,2
T348,1,NA,1,1,14.5,6.5,135,2.5,29.5,0.5,NA,NA,5
T348,1,NA,1,2,5,4,138.5,1,25,1,NA,NA,5
T348,1,NA,1,3,0,2,63.5,1.5,73.5,2.5,NA,NA,1
T348,1,NA,1,4,0,0,0,1,4.5,1,NA,NA,0
T348,1,NA,1,5,0,0,0,0,0,0,NA,NA,0
T348,1,NA,1,6,4,1.5,205,0.5,2,1,NA,NA,0
T348,1,NA,2,1,24,7,156.5,1,15,1,NA,NA,5.5
T348,1,NA,2,2,12.5,6,153.5,0.5,15,0.5,NA,NA,5.5
T348,1,NA,2,3,9,4.5,119,0.5,39,1.5,NA,NA,2.5
T348,1,NA,2,4,16.5,3,86,1,8,1,NA,NA,2.5
T348,1,NA,2,5,3.5,2.5,64,1,19,0,NA,NA,1
T348,1,NA,2,6,14,4,186,0,0,0.5,NA,NA,3
