"","subject","drug","sex","session","time","beam","sniff_cnt","sniff","groom_cnt","groom","shake","seek_cnt","seek","lever","sneek"
"1","361","Sucrose","1","Day 30",1,2,6,150,0,0,0,8,24,4,174
"2","361","Sucrose","1","Day 30",2,8,8,117,2,5,0,7,16,5,133
"3","361","Sucrose","1","Day 30",3,10,8,83,2,32,0,7,21,6,104
"4","361","Sucrose","1","Day 30",4,8,10,117,5,45,0,6,29,3,146
"5","361","Sucrose","1","Day 30",5,3,7,60,4,38,0,10,34,7,94
"6","361","Sucrose","1","Day 30",6,4,4,54,5,116,0,4,9,2,63
"7","363","Sucrose","1","Day 30",1,6,6,98,0,0,1,7,22,6,120
"8","363","Sucrose","1","Day 30",2,7,8,35,2,23,0,7,19,9,54
"9","363","Sucrose","1","Day 30",3,6,4,57,3,70,0,3,14,5,71
"10","363","Sucrose","1","Day 30",4,3,3,31,4,94,0,4,11,4,42
"11","363","Sucrose","1","Day 30",5,10,5,61,3,19,0,6,71,5,132
"12","363","Sucrose","1","Day 30",6,1,0,0,2,129,1,2,4,2,4
"13","364","Sucrose","1","Day 30",1,17,6,80,1,5,0,7,36,7,116
"14","364","Sucrose","1","Day 30",2,9,7,98,0,0,0,6,21,8,119
"15","364","Sucrose","1","Day 30",3,4,4,74,3,32,1,5,32,5,106
"16","364","Sucrose","1","Day 30",4,10,4,121,1,12,0,4,34,4,155
"17","364","Sucrose","1","Day 30",5,7,5,51,2,45,0,6,20,3,71
"18","364","Sucrose","1","Day 30",6,10,5,70,2,30,2,6,24,5,94
"19","365","Sucrose","1","Day 1",1,18.5,9.5,92.5,0.5,2,0,NA,0,6,92.5
"20","365","Sucrose","1","Day 1",2,14.5,8.5,105,3.5,57.5,0.5,NA,0,5,105
"21","365","Sucrose","1","Day 1",3,4.5,3.5,19,0,0,0,NA,0,9,19
"22","365","Sucrose","1","Day 1",4,11,7.5,68,3,42.5,1,NA,0,5,68
"23","365","Sucrose","1","Day 1",5,10.5,5,49,5.5,147,0,NA,0,0,49
"24","365","Sucrose","1","Day 1",6,1,0.5,1,1,3.5,0,NA,0,0,1
"25","366","Sucrose","1","Day 1",1,9,8.5,79.5,0,0,0,NA,0,7,79.5
"26","366","Sucrose","1","Day 1",2,5,5.5,47,0.5,2,0,NA,0,7,47
"27","366","Sucrose","1","Day 1",3,10,6.5,83,1,2,0,NA,0,5,83
"28","366","Sucrose","1","Day 1",4,3.5,3.5,104.5,1.5,95.5,1,NA,0,1,104.5
"29","366","Sucrose","1","Day 1",5,1.5,1,35.5,0,0,0,NA,0,1,35.5
"30","366","Sucrose","1","Day 1",6,0,0,0,0,0,0,NA,0,0,0
"31","367","Sucrose","1","Day 1",1,9.5,7,66,1,13.5,1,5.5,19.5,7,85.5
"32","367","Sucrose","1","Day 1",2,9,6.5,131.5,0,0,0,4.5,11,6,142.5
"33","367","Sucrose","1","Day 1",3,5,6.5,52,5,169,1,0.5,0.5,2,52.5
"34","367","Sucrose","1","Day 1",4,4,6,34.5,4,62,1,3,6.5,3,41
"35","367","Sucrose","1","Day 1",5,4,4,56,1.5,19,2,5.5,16.5,6,72.5
"36","367","Sucrose","1","Day 1",6,4,5,99.5,2,35.5,0,1,3,0,102.5
"37","368","Sucrose","1","Day 30",1,8,4,47,2,19,0,6,21,8,68
"38","368","Sucrose","1","Day 30",2,4,4,33,3,61,0,9,24,6,57
"39","368","Sucrose","1","Day 30",3,9,3,55,3,37,0,7,45,6,100
"40","368","Sucrose","1","Day 30",4,5,2,22,2,20,0,10,40,8,62
"41","368","Sucrose","1","Day 30",5,6,5,40,3,77,1,6,26,5,66
"42","368","Sucrose","1","Day 30",6,11,3,100,2,7,0,6,34,5,134
"43","371","Sucrose","1","Day 30",1,5,7,43,2,4,0,7,23,10,66
"44","371","Sucrose","1","Day 30",2,6,8,74,4,30,0,5,14,7,88
"45","371","Sucrose","1","Day 30",3,4,7,65,3,73,0,3,14,4,79
"46","371","Sucrose","1","Day 30",4,3,7,60,2,104,1,3,5,4,65
"47","371","Sucrose","1","Day 30",5,4,4,79,6,100,0,5,14,3,93
"48","371","Sucrose","1","Day 30",6,0,4,36,2,94,1,3,7,4,43
"49","372","Sucrose","1","Day 30",1,25,10,117,2,5,3,6,9,5,126
"50","372","Sucrose","1","Day 30",2,12,6,44,3,53,0,6,33,7,77
"51","372","Sucrose","1","Day 30",3,9,7,76,1,14,0,5,12,7,88
"52","372","Sucrose","1","Day 30",4,7,5,74,3,45,0,5,17,6,91
"53","372","Sucrose","1","Day 30",5,10,4,93,2,74,3,3,10,4,103
"54","372","Sucrose","1","Day 30",6,10,5,113,3,7,0,6,9,7,122
"55","373","Sucrose","1","Day 30",1,11,6,89,2,14,0,5,31,6,120
"56","373","Sucrose","1","Day 30",2,12,9,84,1,6,0,6,19,6,103
"57","373","Sucrose","1","Day 30",3,10,7,98,0,0,0,5,48,4,146
"58","373","Sucrose","1","Day 30",4,0,4,42,2,9,0,8,88,5,130
"59","373","Sucrose","1","Day 30",5,7,5,86,0,0,0,6,75,3,161
"60","373","Sucrose","1","Day 30",6,2,6,80,1,22,0,6,61,3,141
"61","374","Sucrose","1","Day 30",1,17,7,97,0,0,2,6,20,7,117
"62","374","Sucrose","1","Day 30",2,22,7,125,2,30,2,4,17,4,142
"63","374","Sucrose","1","Day 30",3,17,6,117,2,4,1,6,18,6,135
"64","374","Sucrose","1","Day 30",4,7,7,122,2,11,2,5,43,3,165
"65","374","Sucrose","1","Day 30",5,10,7,121,2,8,4,6,25,5,146
"66","374","Sucrose","1","Day 30",6,7,4,119,5,75,4,4,25,2,144
"67","375","Sucrose","1","Day 30",1,7,4,89,1,24,0,3,14,5,103
"68","375","Sucrose","1","Day 30",2,9,5,112,2,37,0,4,26,3,138
"69","375","Sucrose","1","Day 30",3,7,3,74,1,57,0,7,27,5,101
"70","375","Sucrose","1","Day 30",4,4,4,91,1,26,0,4,28,2,119
"71","375","Sucrose","1","Day 30",5,4,6,117,1,12,0,3,33,2,150
"72","375","Sucrose","1","Day 30",6,2,3,76,1,27,0,4,48,2,124
"73","376","Sucrose","1","Day 30",1,6,4,50,1,11,0,6,21,5,71
"74","376","Sucrose","1","Day 30",2,13,5,60,2,8,0,5,60,7,120
"75","376","Sucrose","1","Day 30",3,5,5,58,1,10,0,5,30,5,88
"76","376","Sucrose","1","Day 30",4,8,6,94,2,19,0,2,11,6,105
"77","376","Sucrose","1","Day 30",5,3,6,36,4,36,0,2,10,5,46
"78","376","Sucrose","1","Day 30",6,6,4,77,1,27,0,3,14,2,91
"79","377","Sucrose","1","Day 30",1,14,6,66,1,2,0,3,9,6,75
"80","377","Sucrose","1","Day 30",2,15,7,107,0,0,0,2,5,7,112
"81","377","Sucrose","1","Day 30",3,8,8,89,3,54,0,4,11,6,100
"82","377","Sucrose","1","Day 30",4,8,2,93,0,0,0,7,18,7,111
"83","377","Sucrose","1","Day 30",5,18,4,130,0,0,0,5,14,4,144
"84","377","Sucrose","1","Day 30",6,6,4,118,0,0,0,4,28,4,146
"85","378","Sucrose","1","Day 30",1,7,7,94,1,2,0,9,32,8,126
"86","378","Sucrose","1","Day 30",2,17,60,131,4,10,0,4,10,5,141
"87","378","Sucrose","1","Day 30",3,7,5,64,1,34,0,5,28,6,92
"88","378","Sucrose","1","Day 30",4,7,3,80,0,0,0,4,60,5,140
"89","378","Sucrose","1","Day 30",5,7,2,121,1,52,0,2,28,2,149
"90","378","Sucrose","1","Day 30",6,9,8,147,1,3,0,6,76,0,223
"91","379","Sucrose","1","Day 30",1,18,7,144,1,4,0,2,7,6,151
"92","379","Sucrose","1","Day 30",2,12,8,100,2,59,1,2,4,5,104
"93","379","Sucrose","1","Day 30",3,11,7,114,1,50,1,3,10,5,124
"94","379","Sucrose","1","Day 30",4,8,7,92,3,90,0,1,5,2,97
"95","379","Sucrose","1","Day 30",5,6,7,109,0,0,0,6,37,6,146
"96","379","Sucrose","1","Day 30",6,12,7,139,1,31,0,2,7,4,146
"97","380","Sucrose","1","Day 30",1,8,7,97,1,7,0,6,24,6,121
"98","380","Sucrose","1","Day 30",2,9,10,104,2,15,0,7,25,6,129
"99","380","Sucrose","1","Day 30",3,11,9,106,0,0,0,7,31,7,137
"100","380","Sucrose","1","Day 30",4,8,7,95,1,19,1,5,20,7,115
"101","380","Sucrose","1","Day 30",5,3,7,85,1,26,1,7,38,6,123
"102","380","Sucrose","1","Day 30",6,10,12,109,2,66,0,5,23,5,132
"103","381","Sucrose","1","Day 30",1,21,8,122,2,14,0,6,19,7,141
"104","381","Sucrose","1","Day 30",2,15,7,133,1,27,1,5,32,5,165
"105","381","Sucrose","1","Day 30",3,6,6,109,4,53,0,3,7,3,116
"106","381","Sucrose","1","Day 30",4,8,7,136,1,37,0,3,14,4,150
"107","381","Sucrose","1","Day 30",5,10,8,166,1,6,0,4,13,3,179
"108","381","Sucrose","1","Day 30",6,8,6,137,2,28,0,5,25,4,162
"109","383","Sucrose","1","Day 1",1,10.5,9.5,91,3.5,74.5,3,4,5,4,96
"110","383","Sucrose","1","Day 1",2,13.5,8,84,3.5,123,2,2,4.5,3,88.5
"111","383","Sucrose","1","Day 1",3,9,7,123,3,31.5,0,3.5,6,5,129
"112","383","Sucrose","1","Day 1",4,2,5,68.5,4,34.5,1,2.5,78,1,146.5
"113","383","Sucrose","1","Day 1",5,3,5,31,5,75.5,1,5.5,65,4,96
"114","383","Sucrose","1","Day 1",6,8,10,57,9,73.5,1,4.5,14,4,71
"115","384","Sucrose","1","Day 1",1,14.5,7,122,2,17.5,1,5.5,9.5,6,131.5
"116","384","Sucrose","1","Day 1",2,7.5,6.5,133,0,0,0,2.5,5.5,3,138.5
"117","384","Sucrose","1","Day 1",3,5,6,65,3.5,82.5,1,2.5,4.5,2.5,69.5
"118","384","Sucrose","1","Day 1",4,5.5,5,115,2.5,19.5,0,3.5,6,2,121
"119","384","Sucrose","1","Day 1",5,2.5,6.5,95,2,20,0,4.5,36.5,5,131.5
"120","384","Sucrose","1","Day 1",6,4,6,69,3,27,0,7,49.5,5,118.5
"121","386","Sucrose","1","Day 1",1,12.5,6,124.5,0,0,0,8,24.5,6,149
"122","386","Sucrose","1","Day 1",2,9.5,6,114.5,1,3.5,0,6.5,17,6,131.5
"123","386","Sucrose","1","Day 1",3,5.5,3.5,128,0,0,0,7,31.5,5,159.5
"124","386","Sucrose","1","Day 1",4,7.5,3.5,52,0,0,0,9.5,41,8,93
"125","386","Sucrose","1","Day 1",5,3,3.5,73.5,2,50,0,5.5,21,4,94.5
"126","386","Sucrose","1","Day 1",6,12,4.5,152.5,0,0,0,5,27.5,4,180
"127","387","Sucrose","2","Day 30",1,16,6,166,1,17,0,6,23,5,189
"128","387","Sucrose","2","Day 30",2,7,6,123,0,0,0,7,29,7,152
"129","387","Sucrose","2","Day 30",3,6,5,143,1,29,0,4,16,4,159
"130","387","Sucrose","2","Day 30",4,6,7,96,0,0,0,7,50,7,146
"131","387","Sucrose","2","Day 30",5,1,4,110,1,56,0,3,15,3,125
"132","387","Sucrose","2","Day 30",6,5,2,81,1,28,0,6,58,6,139
"133","388","Sucrose","2","Day 30",1,10,7,128,1,2,0,5,29,8,157
"134","388","Sucrose","2","Day 30",2,3,5,88,2,30,0,6,29,6,117
"135","388","Sucrose","2","Day 30",3,8,3,173,1,26,0,3,10,4,183
"136","388","Sucrose","2","Day 30",4,2,3,168,1,9,0,4,47,4,215
"137","388","Sucrose","2","Day 30",5,3,3,195,1,13,0,3,8,2,203
"138","388","Sucrose","2","Day 30",6,4,2,207,0,0,0,2,20,2,227
"139","389","Sucrose","1","Day 1",1,12,5,46,1,51,0,6,15.5,7,61.5
"140","389","Sucrose","1","Day 1",2,7,8,69,0,0,0,4.5,20,8,89
"141","389","Sucrose","1","Day 1",3,4.5,2.5,44.5,4,119,0,0,0,0,44.5
"142","389","Sucrose","1","Day 1",4,0.5,2.5,13.5,5,123,0,2,62.5,2,76
"143","389","Sucrose","1","Day 1",5,6,5.5,68.5,2,32,0,1.5,4.5,3.5,73
"144","389","Sucrose","1","Day 1",6,4.5,4,61,3,162,0,1.5,6,1.5,67
"145","390","Sucrose","2","Day 30",1,15,6,174,0,0,0,6,24,5,198
"146","390","Sucrose","2","Day 30",2,19,8,139,1,3,0,6,17,6,156
"147","390","Sucrose","2","Day 30",3,10,5,103,2,29,1,4,22,6,125
"148","390","Sucrose","2","Day 30",4,9,6,78,0,0,0,6,54,6,132
"149","390","Sucrose","2","Day 30",5,8,6,88,1,36,0,5,106,3,194
"150","390","Sucrose","2","Day 30",6,12,10,88,0,0,0,5,53,6,141
"151","391","Sucrose","2","Day 30",1,18,7,97,1,19,0,7,25,8,122
"152","391","Sucrose","2","Day 30",2,13,10,83,0,0,0,8,30,8,113
"153","391","Sucrose","2","Day 30",3,6,6,81,4,54,0,4,32,4,113
"154","391","Sucrose","2","Day 30",4,18,5,134,2,16,0,2,31,2,165
"155","391","Sucrose","2","Day 30",5,15,5,167,2,31,0,3,17,3,184
"156","391","Sucrose","2","Day 30",6,9,6,87,4,116,0,1,23,1,110
"157","392","Sucrose","2","Day 30",1,14,6,102,0,0,0,8,32,8,134
"158","392","Sucrose","2","Day 30",2,10,6,69,0,0,0,7,70,7,139
"159","392","Sucrose","2","Day 30",3,11,5,138,0,0,0,6,52,5,190
"160","392","Sucrose","2","Day 30",4,5,2,131,2,51,0,2,40,2,171
"161","392","Sucrose","2","Day 30",5,11,6,99,2,7,0,6,33,5,132
"162","392","Sucrose","2","Day 30",6,11,8,136,3,67,0,5,38,1,174
"163","393","Sucrose","2","Day 30",1,13,7,108,2,7,0,9,35,9,143
"164","393","Sucrose","2","Day 30",2,14,6,148,1,11,0,4,22,5,170
"165","393","Sucrose","2","Day 30",3,5,5,101,3,8,0,6,72,5,173
"166","393","Sucrose","2","Day 30",4,7,6,115,2,8,0,3,16,5,131
"167","393","Sucrose","2","Day 30",5,2,7,87,2,21,0,4,39,5,126
"168","393","Sucrose","2","Day 30",6,3,7,98,1,51,0,7,54,4,152
"169","394","Sucrose","2","Day 30",1,18,8,119,2,8,0,6,18,7,137
"170","394","Sucrose","2","Day 30",2,10,9,120,5,37,0,3,13,5,133
"171","394","Sucrose","2","Day 30",3,8,6,183,1,2,0,3,18,4,201
"172","394","Sucrose","2","Day 30",4,10,3,57,2,25,1,3,138,3,195
"173","394","Sucrose","2","Day 30",5,17,5,258,2,9,0,2,4,1,262
"174","394","Sucrose","2","Day 30",6,8,6,78,1,49,1,4,117,2,195
"175","395","Sucrose","1","Day 1",1,9.5,6.5,87,1,2.5,0,NA,0,7,87
"176","395","Sucrose","1","Day 1",2,10,4.5,154,0,0,0,NA,0,5,154
"177","395","Sucrose","1","Day 1",3,2,1,41,0,0,0,NA,0,6,41
"178","395","Sucrose","1","Day 1",4,7,3.5,151.5,0,0,0,NA,0,3,151.5
"179","395","Sucrose","1","Day 1",5,6.5,3.5,88,1.5,4,0,NA,0,2,88
"180","395","Sucrose","1","Day 1",6,8,5.5,79,0,0,0,NA,0,3,79
"181","396","Sucrose","1","Day 1",1,5.5,6,52,0,0,0,9.5,34.5,11,86.5
"182","396","Sucrose","1","Day 1",2,1,4.5,21,3,92.5,0,6,24.5,6,45.5
"183","396","Sucrose","1","Day 1",3,4,2.5,8.5,1,5.5,0,8.5,109,6,117.5
"184","396","Sucrose","1","Day 1",4,4.5,4.5,105,3.5,86.5,0,3.5,6,2,111
"185","396","Sucrose","1","Day 1",5,3,2.5,40.5,2,87,0,4,46,3,86.5
"186","396","Sucrose","1","Day 1",6,5,4,120,3,37,0,3.5,34,3,154
"187","397","Sucrose","1","Day 1",1,10,7,100,0,0,0,5.5,22.5,7.5,122.5
"188","397","Sucrose","1","Day 1",2,7.5,3.5,60,0,0,0,4.5,109,4,169
"189","397","Sucrose","1","Day 1",3,5,2.5,73,0,0,0,5,158.5,2,231.5
"190","397","Sucrose","1","Day 1",4,9.5,7.5,104,2.5,36.5,1,4,13,4,117
"191","397","Sucrose","1","Day 1",5,10.5,6.5,55.5,0,0,0,6,29,6,84.5
"192","397","Sucrose","1","Day 1",6,7,4,38.5,2.5,113,0,1.5,5.5,1,44
"193","398","Sucrose","1","Day 1",1,9.5,6.5,83.5,1.5,5,0,5.5,18,7.5,101.5
"194","398","Sucrose","1","Day 1",2,5.5,4,82,0,0,0,1.5,2.5,4,84.5
"195","398","Sucrose","1","Day 1",3,1,4.5,6.5,2,3.5,0,2.5,6.5,5,13
"196","398","Sucrose","1","Day 1",4,9,5,93,0,0,0,3.5,10,4,103
"197","398","Sucrose","1","Day 1",5,4,5.5,167,3,5,0,2,4,3,171
"198","398","Sucrose","1","Day 1",6,2.5,2,191.5,0,0,0,2.5,14,3,205.5
"199","399","Sucrose","1","Day 1",1,11.3333333333333,7.33333333333333,79,1.33333333333333,14.3333333333333,0,6,21.3333333333333,6.33333333333333,100.333333333333
"200","399","Sucrose","1","Day 1",2,6.33333333333333,5.33333333333333,10.6666666666667,4,52,0,9.33333333333333,56.3333333333333,6,67
"201","399","Sucrose","1","Day 1",3,4.33333333333333,6.66666666666667,98.3333333333333,2,28.3333333333333,0,6,82.6666666666667,3,181
"202","399","Sucrose","1","Day 1",4,2.66666666666667,4,101,2.66666666666667,109.666666666667,0,1.33333333333333,9.66666666666667,1,110.666666666667
"203","399","Sucrose","1","Day 1",5,6,9,103.333333333333,2,42.6666666666667,0,12,90,3,193.333333333333
"204","399","Sucrose","1","Day 1",6,4.33333333333333,4.33333333333333,45.6666666666667,2.33333333333333,71.3333333333333,0,4.66666666666667,80.6666666666667,3,126.333333333333
"205","417","Sucrose","2","Day 30",1,16,8,127,1,11,0,4,11,6,138
"206","417","Sucrose","2","Day 30",2,15,11,89,1,4,1,9,37,8,126
"207","417","Sucrose","2","Day 30",3,15,4,146,1,49,1,4,15,3,161
"208","417","Sucrose","2","Day 30",4,11,8,135,4,48,0,4,25,4,160
"209","417","Sucrose","2","Day 30",5,16,9,121,5,35,0,5,54,4,175
"210","417","Sucrose","2","Day 30",6,12,6,174,2,44,0,1,31,2,205
"211","418","Sucrose","2","Day 30",1,10,8,146,1,4,0,5,16,7,162
"212","418","Sucrose","2","Day 30",2,6,7,56,2,70,1,5,36,5,92
"213","418","Sucrose","2","Day 30",3,2,6,116,2,91,0,2,12,3,128
"214","418","Sucrose","2","Day 30",4,4,3,113,0,0,0,5,69,6,182
"215","418","Sucrose","2","Day 30",5,5,3,253,0,0,0,1,8,1,261
"216","418","Sucrose","2","Day 30",6,8,2,252,1,15,0,1,1,1,253
"217","422","Sucrose","2","Day 30",1,18.5,7,123,2,11.5,0,6.5,20.5,7,143.5
"218","422","Sucrose","2","Day 30",2,9.5,6.5,129.5,2,8.5,0,4,13,6,142.5
"219","422","Sucrose","2","Day 30",3,11,8,141.5,2.5,14,0,1.5,10.5,5,152
"220","422","Sucrose","2","Day 30",4,7,4.5,154.5,2,61,0,1.5,18,2.5,172.5
"221","422","Sucrose","2","Day 30",5,11,6.5,161.5,1.5,25.5,0,2.5,10,4,171.5
"222","422","Sucrose","2","Day 30",6,10,5,215.5,2,10,0,3.5,33.5,0.5,249
"223","423","Sucrose","2","Day 30",1,14,9,121,1,12,0,4,16,7,137
"224","423","Sucrose","2","Day 30",2,11,8,75,1,6,0,9,35,9,110
"225","423","Sucrose","2","Day 30",3,7,7,90,1,17,0,6,19,6,109
"226","423","Sucrose","2","Day 30",4,6,9,109,1,29,0,6,19,6,128
"227","423","Sucrose","2","Day 30",5,2,4,54,1,62,0,3,30,6,84
"228","423","Sucrose","2","Day 30",6,11,8,106,0,0,0,6,75,5,181
"229","448","Heroin","1","Day 1",1,22,4.5,157.5,1.5,82.5,6,NA,0,2,157.5
"230","448","Heroin","1","Day 1",2,7,4,152,2,106.5,6,NA,0,1,152
"231","448","Heroin","1","Day 1",3,1,0.5,3,1.5,275.5,4,NA,0,0,3
"232","448","Heroin","1","Day 1",4,1,2,38,2.5,273.5,4.5,NA,0,1,38
"233","448","Heroin","1","Day 1",5,6.5,1,52.5,2,81,3,NA,0,0,52.5
"234","448","Heroin","1","Day 1",6,12.5,4.5,93.5,2.5,69.5,7,NA,0,2,93.5
"235","448","Heroin","1","Day 30",1,29.5,6.5,185,0,0,0,NA,0,3,185
"236","448","Heroin","1","Day 30",2,11.5,7,163.5,1,12,2,NA,0,3,163.5
"237","448","Heroin","1","Day 30",3,15.5,6.5,192,1,13.5,1,NA,0,1.5,192
"238","448","Heroin","1","Day 30",4,10,6,125.5,2.5,32,2,NA,0,1,125.5
"239","448","Heroin","1","Day 30",5,14.5,5.5,161,0.5,1,0,NA,0,4,161
"240","448","Heroin","1","Day 30",6,7,5,59,3,29.5,2,NA,0,3,59
"241","450","Heroin","1","Day 1",1,15.5,5,150,2.5,86.5,9.5,NA,0,2,150
"242","450","Heroin","1","Day 1",2,15,3.5,162.5,2,53.5,9,NA,0,2,162.5
"243","450","Heroin","1","Day 1",3,7,3,44.5,3.5,90.5,7.5,NA,0,1,44.5
"244","450","Heroin","1","Day 1",4,3,1.5,33,1.5,197,9,NA,0,0,33
"245","450","Heroin","1","Day 1",5,0,1.5,282,0.5,2,0,NA,0,0,282
"246","450","Heroin","1","Day 1",6,21.5,5,204,2.5,12,14,NA,0,1,204
"247","450","Heroin","1","Day 30",1,27,6.5,125,3,21.5,4.5,NA,0,4,125
"248","450","Heroin","1","Day 30",2,18.5,5,162.5,1,9,4,NA,0,3,162.5
"249","450","Heroin","1","Day 30",3,13.5,5.5,145,2,27,4,NA,0,4,145
"250","450","Heroin","1","Day 30",4,15.5,5,140,2,32.5,5,NA,0,4,140
"251","450","Heroin","1","Day 30",5,19,5.5,175,0,0,2.5,NA,0,2.5,175
"252","450","Heroin","1","Day 30",6,9.5,4.5,185,3.5,34.5,3,NA,0,0,185
"253","451","Heroin","1","Day 1",1,11,4.5,104.5,1,126.5,9,NA,0,2,104.5
"254","451","Heroin","1","Day 1",2,4,3,191.5,1,23.5,4,NA,0,2,191.5
"255","451","Heroin","1","Day 1",3,8.5,4,135.5,1,60,8,NA,0,3,135.5
"256","451","Heroin","1","Day 1",4,0,1.5,6,3.5,253,8,NA,0,0,6
"257","451","Heroin","1","Day 1",5,0,1,3.5,1.5,279,7.5,NA,0,0,3.5
"258","451","Heroin","1","Day 1",6,3,3.5,65.5,3,161.5,13.5,NA,0,0,65.5
"259","452","Heroin","1","Day 1",1,17,6,126.5,3,43,8,NA,0,5,126.5
"260","452","Heroin","1","Day 1",2,6,6,36.5,3.5,112.5,6,NA,0,4,36.5
"261","452","Heroin","1","Day 1",3,3,2,26.5,2,217.5,6.5,NA,0,1,26.5
"262","452","Heroin","1","Day 1",4,1.5,2,17.5,3,201.5,4,NA,0,0,17.5
"263","452","Heroin","1","Day 1",5,4,1.5,59.5,1.5,58.5,4.5,NA,0,0,59.5
"264","452","Heroin","1","Day 1",6,1,0.5,3,2,49,3,NA,0,0,3
"265","452","Heroin","1","Day 30",1,16.5,10,73.5,4,32,3.5,NA,0,5,73.5
"266","452","Heroin","1","Day 30",2,18.5,6.5,146.5,1,19.5,1,NA,0,4,146.5
"267","452","Heroin","1","Day 30",3,19,7.5,107.5,4.5,85,4,NA,0,0,107.5
"268","452","Heroin","1","Day 30",4,14,4.5,125,2,97.5,2,NA,0,2,125
"269","452","Heroin","1","Day 30",5,11.5,6,120.5,2,71.5,3,NA,0,4,120.5
"270","452","Heroin","1","Day 30",6,7.5,6,109.5,3,79.5,1,NA,0,1,109.5
"271","453","Heroin","1","Day 1",1,16.5,7,75,3.5,98.5,6,NA,0,5,75
"272","453","Heroin","1","Day 1",2,9,4,194.5,1.5,22,4,NA,0,2,194.5
"273","453","Heroin","1","Day 1",3,6.5,3,70.5,1,165,8,NA,0,2,70.5
"274","453","Heroin","1","Day 1",4,0,0.5,1,1.5,250,4.5,NA,0,0,1
"275","453","Heroin","1","Day 1",5,8.5,4.5,122,2,92,7.5,NA,0,3,122
"276","453","Heroin","1","Day 1",6,3.5,4,36.5,1.5,124,7,NA,0,1,36.5
"277","507","Heroin","1","Day 1",1,7,2.5,94,1.5,123.5,3.5,NA,0,1,94
"278","507","Heroin","1","Day 1",2,13,3,153.5,1,59.5,3.5,NA,0,2,153.5
"279","507","Heroin","1","Day 1",3,4.5,2,34.5,2,207,6,NA,0,1,34.5
"280","507","Heroin","1","Day 1",4,0,1,3.5,3,246.5,8,NA,0,0,3.5
"281","507","Heroin","1","Day 1",5,0,0,0,1.5,287.5,5,NA,0,0,0
"282","507","Heroin","1","Day 1",6,6.5,3,117.5,3,123,5,NA,0,0,117.5
"283","507","Heroin","1","Day 30",1,8.5,3,167.5,0,0,0,NA,0,4,167.5
"284","507","Heroin","1","Day 30",2,10.5,4.5,127,1,27.5,0,NA,0,3.5,127
"285","507","Heroin","1","Day 30",3,7,5,153.5,0,0,1,NA,0,3,153.5
"286","507","Heroin","1","Day 30",4,6,3.5,158.5,1,42.5,0,NA,0,3,158.5
"287","507","Heroin","1","Day 30",5,11,3.5,129,2,39,2,NA,0,2,129
"288","507","Heroin","1","Day 30",6,7.5,4,151.5,0,0,0,NA,0,5,151.5
"289","544","Heroin","2","Day 1",1,19,4.5,140.5,1,2.065,4,NA,0,7,140.5
"290","544","Heroin","2","Day 1",2,8.5,7.5,121.355,2.5,34.9,4.5,NA,0,5,121.355
"291","544","Heroin","2","Day 1",3,9,4.5,130.71,0.5,2.19,3.5,NA,0,4,130.71
"292","544","Heroin","2","Day 1",4,9,4.5,96.855,1.5,63.185,5,NA,0,2,96.855
"293","544","Heroin","2","Day 1",5,3,2.5,204.395,2.5,60.395,4,NA,0,1,204.395
"294","544","Heroin","2","Day 1",6,2.5,2.5,182.885,1,39.755,7,NA,0,1.5,182.885
"295","544","Heroin","2","Day 30",1,20,9,120.98,1,2.85,2.5,NA,0,8.5,120.98
"296","544","Heroin","2","Day 30",2,25,4.5,188.095,0,0,2.5,NA,0,4,188.095
"297","544","Heroin","2","Day 30",3,24,8,133.635,0,0,3,NA,0,7,133.635
"298","544","Heroin","2","Day 30",4,25.5,2.5,49.725,0.5,1.49,0,NA,0,2,49.725
"299","544","Heroin","2","Day 30",5,8.5,3.5,81.35,0,0,0,NA,0,6,81.35
"300","544","Heroin","2","Day 30",6,18,8,142.66,1.5,4.995,1.5,NA,0,7,142.66
"301","545","Heroin","2","Day 1",1,21,8,147.89,1,2.75,2,NA,0,8,147.89
"302","545","Heroin","2","Day 1",2,6,4,87.84,3,43.43,2,NA,0,7,87.84
"303","545","Heroin","2","Day 1",3,5,3,47.29,4,165.59,7,NA,0,3,47.29
"304","545","Heroin","2","Day 1",4,7,2,75.41,3,165.41,4,NA,0,1,75.41
"305","545","Heroin","2","Day 1",5,5,5,74.56,2,78.91,0,NA,0,5,74.56
"306","545","Heroin","2","Day 1",6,7,4,111.76,0,0,4,NA,0,3,111.76
"307","B213","Heroin",NA,"Day 1",1,13.5,2,96.525,2,196.82,4,NA,0,0,96.525
"308","B213","Heroin",NA,"Day 1",2,5.5,1,92.5,1,97,2.5,NA,0,0,92.5
"309","B213","Heroin",NA,"Day 1",3,0,0,0,0,0,0,NA,0,0,0
"310","B213","Heroin",NA,"Day 1",4,4,2,102.19,1,12.31,2,NA,0,0,102.19
"311","B213","Heroin",NA,"Day 1",5,5.5,1.5,136,1,48.5,3,NA,0,0,136
"312","B213","Heroin",NA,"Day 1",6,0,0,0,0,0,0,NA,0,0,0
"313","B213","Heroin",NA,"Day 30",1,21.5,3.5,141.81,1.5,105.985,2,NA,0,1.5,141.81
"314","B213","Heroin",NA,"Day 30",2,10,2.5,140.5,1,49.5,1,NA,0,1.5,140.5
"315","B213","Heroin",NA,"Day 30",3,11.5,4,70.5,0,0,0,NA,0,3.5,70.5
"316","B213","Heroin",NA,"Day 30",4,18.5,2.5,167.775,0.5,7.4,1,NA,0,1,167.775
"317","B213","Heroin",NA,"Day 30",5,10.5,1.5,213.13,1,28,2,NA,0,0.5,213.13
"318","B213","Heroin",NA,"Day 30",6,10,1,100.5,0,0,0,NA,0,0.5,100.5
"319","B230","Heroin",NA,"Day 1",1,31,6,175.74,2,47.025,7,NA,0,3,175.74
"320","B230","Heroin",NA,"Day 1",2,8,5,61.54,3,127,4,NA,0,4,61.54
"321","B230","Heroin",NA,"Day 1",3,9,5,166,1,10,3,NA,0,3,166
"322","B230","Heroin",NA,"Day 1",4,17,4,216.5,2,5.5,4,NA,0,4,216.5
"323","B230","Heroin",NA,"Day 1",5,3,3,62.79,3,106.325,1,NA,0,6,62.79
"324","B230","Heroin",NA,"Day 1",6,0,1,20.5,0,0,0,NA,0,0,20.5
"325","B230","Heroin",NA,"Day 30",1,36.5,5.5,177,1,23.5,3.5,NA,0,3.5,177
"326","B230","Heroin",NA,"Day 30",2,13.5,6.5,90,1.5,63.47,2,NA,0,5.5,90
"327","B230","Heroin",NA,"Day 30",3,23,4.5,180.555,0.5,6,2,NA,0,3.5,180.555
"328","B230","Heroin",NA,"Day 30",4,19.5,3.5,208,1.5,8.5,3,NA,0,3,208
"329","B230","Heroin",NA,"Day 30",5,13,2,150,2,54.5,1,NA,0,3,150
"330","B230","Heroin",NA,"Day 30",6,11,3,95.43,0,0,1,NA,0,2,95.43
"331","B25","Heroin","1","Day 1",1,12.5,7.5,89,3,36,7.5,NA,0,6,89
"332","B25","Heroin","1","Day 1",2,4.5,2,35,4,112,6,NA,0,3.5,35
"333","B25","Heroin","1","Day 1",3,0,2.5,32.5,3.5,157.5,4,NA,0,1.5,32.5
"334","B25","Heroin","1","Day 1",4,3,2,19,3.5,113.5,5.5,NA,0,1,19
"335","B25","Heroin","1","Day 1",5,3,6,37,3,30.5,2.5,NA,0,3.5,37
"336","B25","Heroin","1","Day 1",6,0,1.5,13.5,1,2,1,NA,0,0,13.5
"337","B25","Heroin","1","Day 30",1,32,8.5,140,1,19,7,NA,0,3,140
"338","B25","Heroin","1","Day 30",2,12,8,82.5,3,17,6,NA,0,4,82.5
"339","B25","Heroin","1","Day 30",3,19,7,145,3,46,3.5,NA,0,3,145
"340","B25","Heroin","1","Day 30",4,10.5,7.5,79,2.5,15,4,NA,0,4,79
"341","B25","Heroin","1","Day 30",5,3.5,3.5,40,3.5,154.5,2,NA,0,3,40
"342","B25","Heroin","1","Day 30",6,10,7.5,59,2,101,3,NA,0,3.5,59
"343","B26","Heroin","1","Day 1",1,30.5,8,139,5.5,72,8,NA,0,3,139
"344","B26","Heroin","1","Day 1",2,7,6,92,5,131,8,NA,0,1.5,92
"345","B26","Heroin","1","Day 1",3,8.5,5,111,3.5,117,9,NA,0,1,111
"346","B26","Heroin","1","Day 1",4,9.5,4.5,23,5,248,11,NA,0,1,23
"347","B26","Heroin","1","Day 1",5,6.5,4,124.5,2.5,113.5,4,NA,0,1,124.5
"348","B26","Heroin","1","Day 1",6,6,2.5,256.5,1,5,3,NA,0,0,256.5
"349","B282","Heroin",NA,"Day 1",1,25.5,6.5,194.5,3,32,12,NA,0,3,194.5
"350","B282","Heroin",NA,"Day 1",2,17.5,5,189.5,2,32,5.5,NA,0,2,189.5
"351","B282","Heroin",NA,"Day 1",3,9,1,302,0,0,6,NA,0,0,302
"352","B282","Heroin",NA,"Day 1",4,20.5,5,209.5,1.5,23.5,8,NA,0,3,209.5
"353","B282","Heroin",NA,"Day 1",5,5.5,4.5,139.5,4.5,144.5,9,NA,0,0,139.5
"354","B282","Heroin",NA,"Day 1",6,20.5,2.5,180,2.5,108.5,8.5,NA,0,0,180
"355","B282","Heroin",NA,"Day 30",1,36.5,6,162,0,0,2,NA,0,6,162
"356","B282","Heroin",NA,"Day 30",2,19.5,5,125,1,48.5,1,NA,0,5,125
"357","B282","Heroin",NA,"Day 30",3,23.5,5.5,139.5,1,33.5,3,NA,0,4.5,139.5
"358","B282","Heroin",NA,"Day 30",4,23.5,6,105,3,85,5,NA,0,4,105
"359","B282","Heroin",NA,"Day 30",5,22.5,8,103,2,30,0.5,NA,0,7,103
"360","B282","Heroin",NA,"Day 30",6,21.5,2.5,242.5,1,8.5,0,NA,0,0,242.5
"361","B422","Sucrose","2","Day 1",1,15,8,92,2,19,0,7,18,7,110
"362","B422","Sucrose","2","Day 1",2,20,11,137,1,4,0,3,3,6,140
"363","B422","Sucrose","2","Day 1",3,29,8,156,3,45,0,3,8,3,164
"364","B422","Sucrose","2","Day 1",4,21,7,144,3,65,0,0,0,0,144
"365","B422","Sucrose","2","Day 1",5,25,8,160,1,30,0,5,20,1,180
"366","B422","Sucrose","2","Day 1",6,11,9,107,0,0,0,6,14,6,121
"367","B437","Heroin","1","Day 30",1,24.5,5.5,188,1.5,8,1,NA,0,3.5,188
"368","B437","Heroin","1","Day 30",2,9,4.5,165.5,2,31,0.5,NA,0,3,165.5
"369","B437","Heroin","1","Day 30",3,9.5,4.5,157.5,1.5,37,0.5,NA,0,3.5,157.5
"370","B437","Heroin","1","Day 30",4,9,4.5,122.5,3,58,0.5,NA,0,2.5,122.5
"371","B437","Heroin","1","Day 30",5,10,3,137.5,2.5,66.5,1,NA,0,2,137.5
"372","B437","Heroin","1","Day 30",6,6.5,4.5,120,3,70.5,2,NA,0,1,120
"373","B447","Heroin","2","Day 1",1,19.75,2.5,178.25,3.5,108.75,5,NA,0,0,178.25
"374","B447","Heroin","2","Day 1",2,0,1.5,3,2.5,287,5.25,NA,0,0,3
"375","B447","Heroin","2","Day 1",3,0,2.75,22,5.5,244.75,3,NA,0,0,22
"376","B447","Heroin","2","Day 1",4,0,1.25,14.5,4.5,116,1,NA,0,0,14.5
"377","B447","Heroin","2","Day 1",5,0,0,0,0.5,71.25,1,NA,0,0,0
"378","B447","Heroin","2","Day 1",6,0,0,0,0.25,73,0,NA,0,0,0
"379","B447","Heroin","2","Day 30",1,31,5.5,150.5,2.5,32,4.5,NA,0,2,150.5
"380","B447","Heroin","2","Day 30",2,21.5,3.5,179,2,28,3.5,NA,0,1,179
"381","B447","Heroin","2","Day 30",3,19,6.5,127,1,12,1.5,NA,0,4.5,127
"382","B447","Heroin","2","Day 30",4,11.5,4,106,1.5,54,0.5,NA,0,4.5,106
"383","B447","Heroin","2","Day 30",5,22,3,171,1.5,4,1,NA,0,3,171
"384","B447","Heroin","2","Day 30",6,10,2.5,63,2,95,0,NA,0,2.5,63
"385","B454","Heroin","1","Day 30",1,7.5,5.5,166.5,1.5,35.5,1,NA,0,3,166.5
"386","B454","Heroin","1","Day 30",2,24.5,3.5,219.5,2.5,24,2,NA,0,1,219.5
"387","B454","Heroin","1","Day 30",3,5,6,181,3,35.5,2,NA,0,3,181
"388","B454","Heroin","1","Day 30",4,13,2,113.5,2,44.5,1,NA,0,1,113.5
"389","B454","Heroin","1","Day 30",5,11.5,4,164.5,1.5,46,0,NA,0,3,164.5
"390","B454","Heroin","1","Day 30",6,5.5,5,165,2.5,31.5,2,NA,0,2,165
"391","B456","Sucrose","2","Day 1",1,3.5,8,37,1,2,0,NA,0,10,37
"392","B456","Sucrose","2","Day 1",2,5.5,3,25.5,0,0,0,NA,0,7,25.5
"393","B456","Sucrose","2","Day 1",3,2,1,2,1,68,1,NA,0,5,2
"394","B456","Sucrose","2","Day 1",4,2.5,4.5,43.92,1.5,31.5,0,NA,0,5,43.92
"395","B456","Sucrose","2","Day 1",5,4,2.5,34,0,0,0,NA,0,1,34
"396","B456","Sucrose","2","Day 1",6,6,6,87.5,2.5,19,0,NA,0,2,87.5
"397","B457","Sucrose","2","Day 1",1,7.5,5,24.5,0.5,0.5,0,NA,0,10,24.5
"398","B457","Sucrose","2","Day 1",2,3,6,30.5,2.5,10.5,0,NA,0,9,30.5
"399","B457","Sucrose","2","Day 1",3,5.5,4,20.5,2,5.5,0,NA,0,7,20.5
"400","B457","Sucrose","2","Day 1",4,5,5.5,31.5,1,5.5,0,NA,0,7,31.5
"401","B457","Sucrose","2","Day 1",5,5,5,19.5,4.5,44.5,1,NA,0,1,19.5
"402","B457","Sucrose","2","Day 1",6,9,6,32,2.5,38.5,1,NA,0,2,32
"403","B458","Sucrose","2","Day 1",1,9,13,66,3,22,0,8,20,7,86
"404","B458","Sucrose","2","Day 1",2,15,7,52,0,0,0,9,23,9,75
"405","B458","Sucrose","2","Day 1",3,9,4,109,2,129,1,2,14,1,123
"406","B458","Sucrose","2","Day 1",4,1,5,20,1,1,0,5,160,4,180
"407","B458","Sucrose","2","Day 1",5,5,8,32,1,2,0,10,55,6,87
"408","B458","Sucrose","2","Day 1",6,10,7,82,5,40,0,7,27,5,109
"409","B459","Sucrose","2","Day 1",1,14,11,119,6,46,1,2,4,4,123
"410","B459","Sucrose","2","Day 1",2,4,9,199,1,6,0,3,18,3,217
"411","B459","Sucrose","2","Day 1",3,1,6,156,4,40,0,2,6,1,162
"412","B459","Sucrose","2","Day 1",4,5,7,192,0,0,0,2,2,4,194
"413","B459","Sucrose","2","Day 1",5,7,9,219,2,8,0,4,20,1,239
"414","B459","Sucrose","2","Day 1",6,0,6,49,6,173,0,3,5,1,54
"415","B460","Sucrose","2","Day 30",1,12,10,85,2,7,0,5,33,8,118
"416","B460","Sucrose","2","Day 30",2,10,12,100,1,11,0,7,18,8,118
"417","B460","Sucrose","2","Day 30",3,3,5,44,2,28,0,6,58,7,102
"418","B460","Sucrose","2","Day 30",4,6,7,38,0,0,0,7,32,9,70
"419","B460","Sucrose","2","Day 30",5,10,7,77,2,87,0,3,8,5,85
"420","B460","Sucrose","2","Day 30",6,23,6,184,3,12,0,1,3,3,187
"421","B463","Sucrose","2","Day 30",1,6,9,72,0,0,0,9,31,10,103
"422","B463","Sucrose","2","Day 30",2,7,6,91,1,31,0,7,20,8,111
"423","B463","Sucrose","2","Day 30",3,5,8,112,1,2,0,8,46,6,158
"424","B463","Sucrose","2","Day 30",4,6,7,119,1,17,0,5,40,5,159
"425","B463","Sucrose","2","Day 30",5,11,7,159,4,57,0,3,11,4,170
"426","B463","Sucrose","2","Day 30",6,20,6,156,0,0,0,6,46,4,202
"427","B474","Sucrose","2","Day 1",1,14.5,3,50,1,6.5,0,NA,0,7,50
"428","B474","Sucrose","2","Day 1",2,10,5,44,1,6.5,0,NA,0,8.5,44
"429","B474","Sucrose","2","Day 1",3,5,3.5,28,1,23,1,NA,0,3,28
"430","B474","Sucrose","2","Day 1",4,11.5,8,120,0.5,2.5,0,NA,0,5,120
"431","B474","Sucrose","2","Day 1",5,4,5,28,0,0,0,NA,0,4,28
"432","B474","Sucrose","2","Day 1",6,1.5,4.5,66.5,4,120.5,1,NA,0,1,66.5
"433","B475","Sucrose","2","Day 30",1,21,11,109,1,6,0,6,9,8,118
"434","B475","Sucrose","2","Day 30",2,13,6,110,1,1,0,7,45,7,155
"435","B475","Sucrose","2","Day 30",3,13,8,113,3,15,0,7,15,7,128
"436","B475","Sucrose","2","Day 30",4,13,9,119,2,23,0,6,31,7,150
"437","B475","Sucrose","2","Day 30",5,6,12,91,4,37,0,5,8,7,99
"438","B475","Sucrose","2","Day 30",6,15,11,145,1,6,0,7,20,6,165
"439","B476","Sucrose","2","Day 1",1,8,5,38,0,0,0,5,8,10,46
"440","B476","Sucrose","2","Day 1",2,6,7,21,1,23,0,5,26,8,47
"441","B476","Sucrose","2","Day 1",3,3,5,28,1,6,0,6,90,6,118
"442","B476","Sucrose","2","Day 1",4,14,8,68,0,0,0,4,9,6,77
"443","B476","Sucrose","2","Day 1",5,9,8,82,2,24,0,0,0,4,82
"444","B476","Sucrose","2","Day 1",6,12,9,205,1,1,9,1,2,2,207
"445","B478","Sucrose","2","Day 1",1,4,8,50,2,29,0,7,10,6,60
"446","B478","Sucrose","2","Day 1",2,8,9,89,1,2,0,1,9,3,98
"447","B478","Sucrose","2","Day 1",3,14,3,130,2,78,0,0,0,2,130
"448","B478","Sucrose","2","Day 1",4,11,3,147,1,2,0,5,21,3,168
"449","B478","Sucrose","2","Day 1",5,3,6,46,2,41,0,5,19,5,65
"450","B478","Sucrose","2","Day 1",6,5,6,45,3,24,0,2,3,2,48
"451","B484","Sucrose","2","Day 30",1,11,8,138,2,14,0,5,12,8,150
"452","B484","Sucrose","2","Day 30",2,21,9,108,1,4,0,2,2,9,110
"453","B484","Sucrose","2","Day 30",3,16,12,83,1,20,0,4,44,7,127
"454","B484","Sucrose","2","Day 30",4,12,6,182,0,0,0,1,2,6,184
"455","B484","Sucrose","2","Day 30",5,26,11,89,2,12,0,3,7,8,96
"456","B484","Sucrose","2","Day 30",6,12,7,184,1,8,0,2,2,5,186
"457","B485","Sucrose","2","Day 30",1,27,9,130,0,0,0,4,15,9,145
"458","B485","Sucrose","2","Day 30",2,10,7,73,2,14,0,6,30,8,103
"459","B485","Sucrose","2","Day 30",3,14,10,102,1,2,0,7,23,8,125
"460","B485","Sucrose","2","Day 30",4,13,12,107,3,11,0,4,31,8,138
"461","B485","Sucrose","2","Day 30",5,14,6,149,0,0,0,5,45,4,194
"462","B485","Sucrose","2","Day 30",6,13,6,175,1,36,0,3,19,3,194
"463","B486","Sucrose","2","Day 1",1,18,12,145,1,8,0,2,4,6,149
"464","B486","Sucrose","2","Day 1",2,21,15,113,4,27,0,1,2,4,115
"465","B486","Sucrose","2","Day 1",3,14,9,126,2,7,0,1,34,5,160
"466","B486","Sucrose","2","Day 1",4,11,11,50,1,18,0,5,19,6,69
"467","B486","Sucrose","2","Day 1",5,11,5,146,1,15,0,0,0,0,146
"468","B486","Sucrose","2","Day 1",6,13,12,141,6,36,0,1,2,0,143
"469","B487","Sucrose","2","Day 1",1,0,0,0,0,0,0,0,0,0,0
"470","B487","Sucrose","2","Day 1",2,0,0,0,0,0,0,0,0,0,0
"471","B487","Sucrose","2","Day 1",3,0,0,0,0,0,0,0,0,0,0
"472","B487","Sucrose","2","Day 1",4,0,0,0,0,0,0,0,0,0,0
"473","B487","Sucrose","2","Day 1",5,0,0,0,0,0,0,0,0,0,0
"474","B487","Sucrose","2","Day 1",6,0,0,0,0,0,0,0,0,0,0
"475","B491","Heroin","1","Day 1",1,25.5,6,163,2.5,49,7.5,NA,0,4,163
"476","B491","Heroin","1","Day 1",2,11,6,78.5,4.5,144.5,6,NA,0,3,78.5
"477","B491","Heroin","1","Day 1",3,10,7,174.5,3.5,47.5,4,NA,0,3,174.5
"478","B491","Heroin","1","Day 1",4,8,5,128.5,6.5,145,7,NA,0,0,128.5
"479","B491","Heroin","1","Day 1",5,15,6.5,168,5.5,63,3.5,NA,0,2,168
"480","B491","Heroin","1","Day 1",6,18.5,3,207.5,3,53,3,NA,0,1,207.5
"481","B491","Heroin","1","Day 30",1,38,8.5,146.5,0.5,2,0.5,NA,0,6,146.5
"482","B491","Heroin","1","Day 30",2,19,10,123.5,1.5,17,3,NA,0,6,123.5
"483","B491","Heroin","1","Day 30",3,30,6,185,3.5,48,4.5,NA,0,2,185
"484","B491","Heroin","1","Day 30",4,13,6.5,139,0,0,0,NA,0,5,139
"485","B491","Heroin","1","Day 30",5,13.5,4.5,137,3,63,4,NA,0,3,137
"486","B491","Heroin","1","Day 30",6,6.5,4.5,48,3,79.5,1,NA,0,4,48
"487","B504","Heroin",NA,"Day 1",1,18,2,187.5,1,7,5,NA,0,1,187.5
"488","B504","Heroin",NA,"Day 1",2,12.5,5,104.5,2,87,6,NA,0,4,104.5
"489","B504","Heroin",NA,"Day 1",3,2.5,1,2,2.5,252.5,9,NA,0,2,2
"490","B504","Heroin",NA,"Day 1",4,8,3.5,44,2.5,165.5,6,NA,0,3,44
"491","B504","Heroin",NA,"Day 1",5,6.5,3,46.5,3,180,6.5,NA,0,3,46.5
"492","B504","Heroin",NA,"Day 1",6,6,2,276,1,8,3.5,NA,0,0.5,276
"493","B504","Heroin",NA,"Day 30",1,15,6.5,101.5,2,14,6,NA,0,6,101.5
"494","B504","Heroin",NA,"Day 30",2,13.5,4.5,119,1,44,3,NA,0,4,119
"495","B504","Heroin",NA,"Day 30",3,12,6,143,2,43,2,NA,0,4,143
"496","B504","Heroin",NA,"Day 30",4,2.5,3,20.5,3,187,2.5,NA,0,1,20.5
"497","B504","Heroin",NA,"Day 30",5,10.5,5.5,46,2.5,123.5,3.5,NA,0,4,46
"498","B504","Heroin",NA,"Day 30",6,19,3,263,0,0,2,NA,0,1,263
"499","G116","Sucrose","2","Day 30",1,12,7,111,6,65,0,3,11,5,122
"500","G116","Sucrose","2","Day 30",2,8,6,170,3,51,0,3,15,2,185
"501","G116","Sucrose","2","Day 30",3,3,3,45,3,153,2,4,34,2,79
"502","G116","Sucrose","2","Day 30",4,6,8,120,2,29,0,2,19,6,139
"503","G116","Sucrose","2","Day 30",5,4,4,86,1,53,0,5,105,3,191
"504","G116","Sucrose","2","Day 30",6,7,7,105,3,54,0,4,32,4,137
"505","G117","Sucrose","2","Day 30",1,26,8,156,1,9,0,2,5,9,161
"506","G117","Sucrose","2","Day 30",2,10,6,55,1,37,1,5,43,7,98
"507","G117","Sucrose","2","Day 30",3,10,10,133,1,4,2,5,31,5,164
"508","G117","Sucrose","2","Day 30",4,6,5,85,1,107,0,4,28,3,113
"509","G117","Sucrose","2","Day 30",5,7,3,59,2,166,1,0,0,2,59
"510","G117","Sucrose","2","Day 30",6,20,6,203,3,26,0,8,38,1,241
"511","G118","Sucrose","2","Day 30",1,12,7,112,2,65,0,4,9,7,121
"512","G118","Sucrose","2","Day 30",2,9,7,138,2,41,0,5,43,3,181
"513","G118","Sucrose","2","Day 30",3,2,2,53,1,144,0,4,74,2,127
"514","G118","Sucrose","2","Day 30",4,1,2,21,1,2,0,4,185,4,206
"515","G118","Sucrose","2","Day 30",5,3,4,88,2,145,0,1,16,1,104
"516","G118","Sucrose","2","Day 30",6,3,4,66,2,38,0,4,119,3,185
"517","G119","Sucrose","2","Day 30",1,6,7,104,3,26,1,4,10,8,114
"518","G119","Sucrose","2","Day 30",2,6,5,48,3,124,0,3,16,5,64
"519","G119","Sucrose","2","Day 30",3,10,6,197,2,20,0,3,14,4,211
"520","G119","Sucrose","2","Day 30",4,2,8,85,1,75,0,3,9,6,94
"521","G119","Sucrose","2","Day 30",5,3,5,56,1,59,0,5,30,6,86
"522","G119","Sucrose","2","Day 30",6,0,2,14,2,26,0,4,166,4,180
"523","G120","Sucrose","2","Day 30",1,17,9,134,1,1,0,6,18,7,152
"524","G120","Sucrose","2","Day 30",2,7,7,106,3,79,1,3,6,5,112
"525","G120","Sucrose","2","Day 30",3,8,8,95,5,63,0,2,6,7,101
"526","G120","Sucrose","2","Day 30",4,12,7,112,3,56,0,2,14,5,126
"527","G120","Sucrose","2","Day 30",5,7,7,74,3,83,0,4,66,3,140
"528","G120","Sucrose","2","Day 30",6,8,7,137,2,37,0,6,40,4,177
"529","G122","Sucrose","2","Day 1",1,6,6,111,2,7,0,6,22,6,133
"530","G122","Sucrose","2","Day 1",2,6,5,69,1,65,0,5,16,5,85
"531","G122","Sucrose","2","Day 1",3,3,4,98,1,6,0,4,13,4,111
"532","G122","Sucrose","2","Day 1",4,5,4,81,1,74,0,4,16,2,97
"533","G122","Sucrose","2","Day 1",5,7,4,93,0,0,0,5,25,4,118
"534","G122","Sucrose","2","Day 1",6,10,6,111,0,0,0,5,16,2,127
"535","G124","Sucrose","2","Day 30",1,8,4,89,3,73,1,5,21,7,110
"536","G124","Sucrose","2","Day 30",2,5,8,112,5,82,1,1,5,5,117
"537","G124","Sucrose","2","Day 30",3,2,6,70,2,78,0,5,26,5,96
"538","G124","Sucrose","2","Day 30",4,6,4,76,2,147,0,2,12,3,88
"539","G124","Sucrose","2","Day 30",5,10,8,111,1,5,0,5,48,6,159
"540","G124","Sucrose","2","Day 30",6,2,5,87,5,190,0,0,0,0,87
"541","G126","Sucrose","2","Day 1",1,4,5.33333333333333,21,1,2.33333333333333,0,10.3333333333333,34.3333333333333,10.3333333333333,55.3333333333333
"542","G126","Sucrose","2","Day 1",2,1,4.33333333333333,19.3333333333333,3,49.6666666666667,0,6,25.3333333333333,5.33333333333333,44.6666666666667
"543","G126","Sucrose","2","Day 1",3,1.33333333333333,2.66666666666667,19.6666666666667,1.66666666666667,24,0,8.66666666666667,26,9.66666666666667,45.6666666666667
"544","G126","Sucrose","2","Day 1",4,2.66666666666667,4,51.3333333333333,0,0,0,9.33333333333333,38.6666666666667,8,90
"545","G126","Sucrose","2","Day 1",5,5.66666666666667,3.66666666666667,101,2.66666666666667,78.6666666666667,0,2,6.33333333333333,2,107.333333333333
"546","G126","Sucrose","2","Day 1",6,2.33333333333333,1.33333333333333,5,4.33333333333333,194.333333333333,1,4,19.6666666666667,2,24.6666666666667
"547","G126","Sucrose","2","Day 30",1,7,10,87,4,24,1,8,18,9,105
"548","G126","Sucrose","2","Day 30",2,9,10,88,3,33,0,5,11,7,99
"549","G126","Sucrose","2","Day 30",3,8,6,191,0,0,0,1,3,6,194
"550","G126","Sucrose","2","Day 30",4,9,6,192,0,0,0,2,4,4,196
"551","G126","Sucrose","2","Day 30",5,2,6,40,4,178,1,1,6,4,46
"552","G126","Sucrose","2","Day 30",6,1,8,81,3,21,0,7,48,6,129
"553","G127","Sucrose","2","Day 1",1,3.33333333333333,5,43.55,1,31,0,4.33333333333333,15.6666666666667,7,59.2166666666667
"554","G127","Sucrose","2","Day 1",2,5,5,111,1,2.33333333333333,0,5.66666666666667,31.6666666666667,3,142.666666666667
"555","G127","Sucrose","2","Day 1",3,2.66666666666667,5.33333333333333,80,1,1.66666666666667,0,3.33333333333333,42,6.33333333333333,122
"556","G127","Sucrose","2","Day 1",4,3.66666666666667,3,107,0.333333333333333,3.33333333333333,0,4.33333333333333,23,3.66666666666667,130
"557","G127","Sucrose","2","Day 1",5,3,1.66666666666667,226.666666666667,0,0,0,1,3,1,229.666666666667
"558","G127","Sucrose","2","Day 1",6,5,3,181.333333333333,1.33333333333333,10.3333333333333,0,2.33333333333333,10.6666666666667,2,192
"559","G127","Sucrose","2","Day 30",1,11,7,107,1,7,0,5,11,10,118
"560","G127","Sucrose","2","Day 30",2,10,9,142,2,3,0,5,18,6,160
"561","G127","Sucrose","2","Day 30",3,6,4,161,2,107,0,0,0,1,161
"562","G127","Sucrose","2","Day 30",4,15,5,194,1,6,0,5,47,3,241
"563","G127","Sucrose","2","Day 30",5,11,10,102,6,41,0,4,27,5,129
"564","G127","Sucrose","2","Day 30",6,3,7,128,3,17,0,5,34,5,162
"565","G150","Heroin","1","Day 1",1,4,3.5,98,2,85.5,2,NA,0,3,98
"566","G150","Heroin","1","Day 1",2,1.5,3,42,2.5,151,1,NA,0,3,42
"567","G150","Heroin","1","Day 1",3,7.5,6,91,3,134,3,NA,0,3.5,91
"568","G150","Heroin","1","Day 1",4,8,3,66,2,124,1,NA,0,1,66
"569","G150","Heroin","1","Day 1",5,2.5,1,3.5,3,189,2,NA,0,0,3.5
"570","G150","Heroin","1","Day 1",6,1,2,126,2.5,28,0,NA,0,1,126
"571","G150","Heroin","1","Day 30",1,9.5,5,136,2,39.5,1,NA,0,4,136
"572","G150","Heroin","1","Day 30",2,6,2.5,68.5,3,195,0.5,NA,0,0,68.5
"573","G150","Heroin","1","Day 30",3,5,4.5,110.5,2,18,0.5,NA,0,3,110.5
"574","G150","Heroin","1","Day 30",4,0.5,1.5,9,6,243.5,2,NA,0,0,9
"575","G150","Heroin","1","Day 30",5,1,1,31.5,4,162,0,NA,0,0,31.5
"576","G150","Heroin","1","Day 30",6,0,0.5,4,0,0,0,NA,0,0,4
"577","G155","Heroin","1","Day 30",1,23.5,5,197,0,3,2,NA,0,3,197
"578","G155","Heroin","1","Day 30",2,12,6.5,95.5,5,46,4.5,NA,0,0,95.5
"579","G155","Heroin","1","Day 30",3,11,3,120.21,2,43.695,2.5,NA,0,4,120.21
"580","G155","Heroin","1","Day 30",4,1,1,6.7,3,129,1,NA,0,0,6.7
"581","G155","Heroin","1","Day 30",5,10.5,1.5,130,0.5,1.5,1.5,NA,0,1,130
"582","G155","Heroin","1","Day 30",6,8,3,170.5,1.5,86,1,NA,0,1,170.5
"583","G163","Sucrose","2","Day 1",1,6.5,5,46.5,1.5,16,0,6.5,21.5,8,68
"584","G163","Sucrose","2","Day 1",2,4.5,4,87.5,2,67.5,0,3.5,22.5,4,110
"585","G163","Sucrose","2","Day 1",3,2,3,21.5,3,29.5,0,4,17,5,38.5
"586","G163","Sucrose","2","Day 1",4,3.5,0.5,1.5,2,73.5,0,2,11.5,2,13
"587","G163","Sucrose","2","Day 1",5,7.5,4.5,50,1,9.5,0,8,31,8,81
"588","G163","Sucrose","2","Day 1",6,2.5,3,101.5,0,0,0,2.5,8,4,109.5
"589","G164","Sucrose","2","Day 1",1,4.5,5.5,33,1,4,0,8.5,35.5,9,68.5
"590","G164","Sucrose","2","Day 1",2,4.5,7.5,63,2.5,25.5,0,7,19.5,6.5,82.5
"591","G164","Sucrose","2","Day 1",3,4,3.5,58,1,49,0,4.5,31.5,5,89.5
"592","G164","Sucrose","2","Day 1",4,1,3,50,1.5,90.5,0,3,18,2.5,68
"593","G164","Sucrose","2","Day 1",5,5,3,57.5,2.5,60,0,3.5,31,4,88.5
"594","G164","Sucrose","2","Day 1",6,3.5,5,125.5,2,43,0,4.5,29,3,154.5
"595","G164","Sucrose","2","Day 30",1,11,6,149,1,5,0,3,7,8,156
"596","G164","Sucrose","2","Day 30",2,13,7,136,1,14,0,5,20,5,156
"597","G164","Sucrose","2","Day 30",3,8,5,101,3,150,0,0,0,2,101
"598","G164","Sucrose","2","Day 30",4,6,2,156,2,134,0,0,0,0,156
"599","G164","Sucrose","2","Day 30",5,11,7,143,1,9,0,3,17,6,160
"600","G164","Sucrose","2","Day 30",6,8,2,255,0,0,0,1,40,0,295
"601","G165","Sucrose","2","Day 1",1,7.5,4,44.5,2,27,0,6.5,26.5,8,71
"602","G165","Sucrose","2","Day 1",2,7.5,5.5,121.5,3.5,36.5,0,3,18.5,3,140
"603","G165","Sucrose","2","Day 1",3,5,3,66.5,1,15,0,4.5,40,3.5,106.5
"604","G165","Sucrose","2","Day 1",4,3.5,3,135.5,1.5,7,0,2,81.5,1.5,217
"605","G165","Sucrose","2","Day 1",5,3,3,113,3,79.5,0,3,7,2,120
"606","G165","Sucrose","2","Day 1",6,1,0,0,1,170.5,0,0,0,0,0
"607","G166","Sucrose","2","Day 30",1,12,6,154,1,2,0,3,10,7,164
"608","G166","Sucrose","2","Day 30",2,9,6,196,2,3,0,1,3,5,199
"609","G166","Sucrose","2","Day 30",3,10,4,185,2,15,0,2,5,4,190
"610","G166","Sucrose","2","Day 30",4,7,4,229,0,0,0,2,9,2,238
"611","G166","Sucrose","2","Day 30",5,2,5,230,2,2,0,2,19,2,249
"612","G166","Sucrose","2","Day 30",6,10,7,178,3,27,1,6,65,0,243
"613","G172","Heroin","1","Day 1",1,5.5,2,44.76,3,172.9,4,NA,0,1,44.76
"614","G172","Heroin","1","Day 1",2,0.5,1,16,3,109.025,2,NA,0,1,16
"615","G172","Heroin","1","Day 1",3,3,1,38.17,1,88.31,4,NA,0,1,38.17
"616","G172","Heroin","1","Day 1",4,0,0,0,0,0,0,NA,0,0,0
"617","G172","Heroin","1","Day 1",5,0,0.5,2,2,27.585,0.5,NA,0,0,2
"618","G172","Heroin","1","Day 1",6,6.5,4,70.825,5,142.35,7,NA,0,0,70.825
"619","G172","Heroin","1","Day 30",1,7.5,4.5,60,4.5,138.5,3.5,NA,0,1.5,60
"620","G172","Heroin","1","Day 30",2,3.5,2.5,28,2.5,87,2,NA,0,2,28
"621","G172","Heroin","1","Day 30",3,0.5,1.5,18.5,2.5,138,3.5,NA,0,0.5,18.5
"622","G172","Heroin","1","Day 30",4,0.5,1,9.5,0.5,4,0,NA,0,0,9.5
"623","G172","Heroin","1","Day 30",5,0,0.5,2.5,1,14.5,0.5,NA,0,0,2.5
"624","G172","Heroin","1","Day 30",6,3,2,50,2,57.5,3.5,NA,0,0,50
"625","G173","Heroin","1","Day 1",1,11.5,6,205.035,2.5,30.765,6,NA,0,2,205.035
"626","G173","Heroin","1","Day 1",2,2.5,5,140.41,2,45.02,1,NA,0,2.5,140.41
"627","G173","Heroin","1","Day 1",3,5.5,3,209.68,1,31.5,2,NA,0,1,209.68
"628","G173","Heroin","1","Day 1",4,6,2.5,254.975,1.5,32.96,2,NA,0,0,254.975
"629","G173","Heroin","1","Day 1",5,17,3,266.43,2,21.945,2,NA,0,0,266.43
"630","G173","Heroin","1","Day 1",6,2.5,1,180,0,0,0,NA,0,0,180
"631","G174","Sucrose","2","Day 1",1,13,8,102,2,16,0,5,18,8,120
"632","G174","Sucrose","2","Day 1",2,13,7,160,0,0,0,7,13,4,173
"633","G174","Sucrose","2","Day 1",3,9,6,69,1,29,0,6,12,6,81
"634","G174","Sucrose","2","Day 1",4,21,5,201,1,3,0,4,7,2,208
"635","G174","Sucrose","2","Day 1",5,23,3,242,1,1,0,2,4,1,246
"636","G174","Sucrose","2","Day 1",6,3,6,131,4,79,0,1,2,0,133
"637","G174","Sucrose","2","Day 30",1,14,9,110,1,7,0,4,8,9,118
"638","G174","Sucrose","2","Day 30",2,10,8,137,2,2,0,4,7,8,144
"639","G174","Sucrose","2","Day 30",3,6,4,199,0,0,0,1,1,5,200
"640","G174","Sucrose","2","Day 30",4,9,8,98,3,55,0,1,1,6,99
"641","G174","Sucrose","2","Day 30",5,12,8,176,3,11,0,2,10,4,186
"642","G174","Sucrose","2","Day 30",6,14,4,222,1,59,0,2,15,1,237
"643","G175","Sucrose","2","Day 1",1,3,2,11,4,22,0,9,28,10,39
"644","G175","Sucrose","2","Day 1",2,5,5,68,2,25,0,7,28,6,96
"645","G175","Sucrose","2","Day 1",3,3,2,32,0,0,0,7,53,7,85
"646","G175","Sucrose","2","Day 1",4,3,3,9,2,67,1,5,102,3,111
"647","G175","Sucrose","2","Day 1",5,4,7,90,1,8,0,6,26,5,116
"648","G175","Sucrose","2","Day 1",6,2,2,76,2,72,0,4,20,2,96
"649","G175","Sucrose","2","Day 30",1,20,11,127,1,9,0,6,11,9,138
"650","G175","Sucrose","2","Day 30",2,8,9,93,6,49,0,5,26,6,119
"651","G175","Sucrose","2","Day 30",3,4,6,124,2,73,0,4,15,5,139
"652","G175","Sucrose","2","Day 30",4,4,5,88,3,164,0,0,0,1,88
"653","G175","Sucrose","2","Day 30",5,7,7,129,3,83,0,4,19,3,148
"654","G175","Sucrose","2","Day 30",6,7,6,154,4,111,0,3,18,1,172
"655","G176","Sucrose","2","Day 1",1,15,10,47,0,0,0,9,25,10,72
"656","G176","Sucrose","2","Day 1",2,11,5,90,2,45,0,5,13,5,103
"657","G176","Sucrose","2","Day 1",3,5,3,37,0,0,0,12,60,9,97
"658","G176","Sucrose","2","Day 1",4,3,8,42,0,0,0,6,13,9,55
"659","G176","Sucrose","2","Day 1",5,14,8,97,2,10,0,7,25,6,122
"660","G176","Sucrose","2","Day 1",6,8,3,76,1,2,0,4,21,2,97
"661","G176","Sucrose","2","Day 30",1,39,8,148,1,2,0,1,2,10,150
"662","G176","Sucrose","2","Day 30",2,29,9,177,4,8,0,2,6,5,183
"663","G176","Sucrose","2","Day 30",3,27,5,223,1,2,0,2,7,3,230
"664","G176","Sucrose","2","Day 30",4,16,7,138,1,27,0,3,8,6,146
"665","G176","Sucrose","2","Day 30",5,21,6,224,3,36,0,2,8,1,232
"666","G176","Sucrose","2","Day 30",6,33,5,255,2,28,0,3,12,0,267
"667","G177","Sucrose","2","Day 1",1,19,6,184,0,0,0,3,7,4,191
"668","G177","Sucrose","2","Day 1",2,22,6,200,2,9,0,4,11,2,211
"669","G177","Sucrose","2","Day 1",3,7,7,156,4,79,0,2,3,1,159
"670","G177","Sucrose","2","Day 1",4,4,8,147,4,42,0,5,48,0,195
"671","G177","Sucrose","2","Day 1",5,0,5,63,5,177,0,0,0,0,63
"672","G177","Sucrose","2","Day 1",6,2,4,190,1,9,0,3,13,3,203
"673","G178","Sucrose","2","Day 1",1,14,9,62,0,0,0,10,23,10,85
"674","G178","Sucrose","2","Day 1",2,13,10,69,0,0,0,8,36,7,105
"675","G178","Sucrose","2","Day 1",3,16,7,143,1,16,0,4,8,5,151
"676","G178","Sucrose","2","Day 1",4,3,9,94,2,29,0,6,25,4,119
"677","G178","Sucrose","2","Day 1",5,14,7,164,1,1,0,4,12,4,176
"678","G178","Sucrose","2","Day 1",6,4,7,80,5,45,0,3,5,3,85
"679","G178","Sucrose","2","Day 30",1,23,9,161,0,0,0,6,13,10,174
"680","G178","Sucrose","2","Day 30",2,12,8,124,3,58,0,2,9,5,133
"681","G178","Sucrose","2","Day 30",3,4,3,150,1,78,0,3,10,3,160
"682","G178","Sucrose","2","Day 30",4,10,8,146,3,39,0,1,8,5,154
"683","G178","Sucrose","2","Day 30",5,8,4,178,3,78,0,0,0,2,178
"684","G178","Sucrose","2","Day 30",6,16,5,158,1,53,0,3,10,4,168
"685","G182","Heroin","1","Day 1",1,15,7.5,116,3,31,2.5,NA,0,8,116
"686","G182","Heroin","1","Day 1",2,10.5,3.5,34.15,4,192.96,8,NA,0,2,34.15
"687","G182","Heroin","1","Day 1",3,16.5,4.5,156.815,3.5,75.395,4.5,NA,0,2,156.815
"688","G182","Heroin","1","Day 1",4,6,3.5,112.5,3.5,104,3,NA,0,1,112.5
"689","G182","Heroin","1","Day 1",5,8.5,5.5,165.5,2,60,5,NA,0,1,165.5
"690","G182","Heroin","1","Day 1",6,5.5,4,210,1,8.19,2,NA,0,2,210
"691","G182","Heroin","1","Day 30",1,12.5,4,99.5,0,0,0,NA,0,7,99.5
"692","G182","Heroin","1","Day 30",2,11.5,6.5,113,3,51,2,NA,0,5,113
"693","G182","Heroin","1","Day 30",3,25,7,103,0.5,0.5,0.5,NA,0,4,103
"694","G182","Heroin","1","Day 30",4,17.5,8,99.5,0.5,1.5,3.5,NA,0,2,99.5
"695","G182","Heroin","1","Day 30",5,7,4,75.5,0,0,0,NA,0,3,75.5
"696","G182","Heroin","1","Day 30",6,9,7.5,86.5,0,0,0,NA,0,6,86.5
"697","G184","Sucrose","2","Day 30",1,11,9,117,1,5,0,2,7,9,124
"698","G184","Sucrose","2","Day 30",2,7,7,178,3,15,0,1,2,4,180
"699","G184","Sucrose","2","Day 30",3,11,7,149,3,31,0,5,9,5,158
"700","G184","Sucrose","2","Day 30",4,9,5,211,0,0,0,3,6,4,217
"701","G184","Sucrose","2","Day 30",5,12,2,231,3,43,0,1,4,1,235
"702","G184","Sucrose","2","Day 30",6,17,7,160,3,56,0,4,17,4,177
"703","G185","Sucrose","2","Day 30",1,9,8,126,0,0,0,4,7,6,133
"704","G185","Sucrose","2","Day 30",2,6,8,131,3,12,0,4,15,5,146
"705","G185","Sucrose","2","Day 30",3,6,7,100,1,5,0,5,32,8,132
"706","G185","Sucrose","2","Day 30",4,1,5,138,3,93,1,5,22,2,160
"707","G185","Sucrose","2","Day 30",5,1,4,63,3,186,0,2,6,1,69
"708","G185","Sucrose","2","Day 30",6,4,6,199,2,20,0,4,12,3,211
"709","G186","Sucrose","2","Day 1",1,4,5,117,0,0,0,6,21,6,138
"710","G186","Sucrose","2","Day 1",2,7,4,68,1,3,0,7,65,5,133
"711","G186","Sucrose","2","Day 1",3,7,4,40,3,44,1,7,85,3,125
"712","G186","Sucrose","2","Day 1",4,2,1,156,1,30,1,4,7,1,163
"713","G186","Sucrose","2","Day 1",5,4,2,74,2,74,0,6,18,4,92
"714","G186","Sucrose","2","Day 1",6,8,4,140,1,12,0,5,55,3,195
"715","G187","Sucrose","2","Day 1",1,3,4,27,2,19,0,8,42,8,69
"716","G187","Sucrose","2","Day 1",2,2,1,12,5,115,2,4,7,5,19
"717","G187","Sucrose","2","Day 1",3,2,4,34,6,152,1,5,17,2,51
"718","G187","Sucrose","2","Day 1",4,10,6,60,0,0,0,3,7,5,67
"719","G187","Sucrose","2","Day 1",5,0,2,3,2,54,0,1,1,1,4
"720","G187","Sucrose","2","Day 1",6,2,1,4,2,14,0,7,86,6,90
"721","G220","Sucrose","2","Day 30",1,13,6,213,1,8,0,4,10,4,223
"722","G220","Sucrose","2","Day 30",2,12,6,169,0,0,0,3,5,4,174
"723","G220","Sucrose","2","Day 30",3,5,5,82,1,64,0,5,44,5,126
"724","G220","Sucrose","2","Day 30",4,7,5,179,2,17,0,3,15,4,194
"725","G220","Sucrose","2","Day 30",5,6,4,90,2,182,1,1,4,1,94
"726","G220","Sucrose","2","Day 30",6,12,5,192,0,0,0,2,4,5,196
"727","G221","Sucrose","2","Day 30",1,12,9,125,1,2,0,3,5,9,130
"728","G221","Sucrose","2","Day 30",2,12,3,191,1,11,0,4,14,3,205
"729","G221","Sucrose","2","Day 30",3,6,5,87,4,94,0,2,22,4,109
"730","G221","Sucrose","2","Day 30",4,12,6,199,1,7,0,2,5,4,204
"731","G221","Sucrose","2","Day 30",5,7,6,106,1,3,0,6,63,6,169
"732","G221","Sucrose","2","Day 30",6,9,5,158,1,71,0,3,9,3,167
"733","G224","Sucrose","2","Day 30",1,15,11,122,1,5,0,7,21,9,143
"734","G224","Sucrose","2","Day 30",2,25,5,243,1,1,0,3,11,3,254
"735","G224","Sucrose","2","Day 30",3,8,8,127,1,3,0,7,19,6,146
"736","G224","Sucrose","2","Day 30",4,10,8,91,3,81,0,4,15,5,106
"737","G224","Sucrose","2","Day 30",5,16,6,196,0,0,0,2,6,5,202
"738","G224","Sucrose","2","Day 30",6,18,4,167,2,95,0,1,1,2,168
"739","G226","Sucrose","2","Day 1",1,8,5,47,1,2,0,6,18,6,65
"740","G226","Sucrose","2","Day 1",2,4,5,61,3,100,0,3,16,3,77
"741","G226","Sucrose","2","Day 1",3,1,1,9,1,203,0,1,3,1,12
"742","G226","Sucrose","2","Day 1",4,4,2,30,3,80,1,4,14,2,44
"743","G226","Sucrose","2","Day 1",5,0,2,18,4,22,0,0,0,0,18
"744","G226","Sucrose","2","Day 1",6,0,1,6,1,6,0,0,0,0,6
"745","G231","Sucrose","2","Day 1",1,10,6,97,3,4,1,5,12,6,109
"746","G231","Sucrose","2","Day 1",2,6,4,29,3,103,0,6,12,5,41
"747","G231","Sucrose","2","Day 1",3,2,2,24,2,147,1,1,2,2,26
"748","G231","Sucrose","2","Day 1",4,0,1,28,1,34,0,0,0,0,28
"749","G231","Sucrose","2","Day 1",5,1,1,6,3,36,1,1,3,1,9
"750","G231","Sucrose","2","Day 1",6,7,4,63,4,14,1,9,33,6,96
"751","G233","Sucrose","2","Day 1",1,2,2,46,0,0,0,0,0,0,46
"752","G233","Sucrose","2","Day 1",2,0,1,31,0,0,0,2,6,0,37
"753","G233","Sucrose","2","Day 1",3,0,1,13,0,0,0,0,0,0,13
"754","G233","Sucrose","2","Day 1",4,2,2,123,1,13,0,3,7,1,130
"755","G233","Sucrose","2","Day 1",5,2,2,13,1,95,0,5,9,2,22
"756","G233","Sucrose","2","Day 1",6,0,1,40,0,0,1,8,20,0,60
"757","G254","Heroin",NA,"Day 1",1,13.5,6.5,145.435,2,39.19,4,NA,0,5,145.435
"758","G254","Heroin",NA,"Day 1",2,9.5,6,142,4.5,109.75,7,NA,0,1,142
"759","G254","Heroin",NA,"Day 1",3,6.5,5,120.905,3,131.87,8,NA,0,1,120.905
"760","G254","Heroin",NA,"Day 1",4,7,4,182.685,0,0,2,NA,0,4,182.685
"761","G254","Heroin",NA,"Day 1",5,10,4,183.5,1,67.92,5,NA,0,2,183.5
"762","G254","Heroin",NA,"Day 1",6,6,2.5,212.5,0.5,9.355,3,NA,0,1,212.5
"763","G254","Heroin",NA,"Day 30",1,22,6,130,1.5,24,0.5,NA,0,4.5,130
"764","G254","Heroin",NA,"Day 30",2,20,4.5,218.5,1,9,2,NA,0,2,218.5
"765","G254","Heroin",NA,"Day 30",3,14.5,6.5,158,3.5,40,1.5,NA,0,1.5,158
"766","G254","Heroin",NA,"Day 30",4,21,4.5,112.5,2,34,1,NA,0,3,112.5
"767","G254","Heroin",NA,"Day 30",5,11,5,172.5,0.5,15.5,1,NA,0,3,172.5
"768","G254","Heroin",NA,"Day 30",6,17.5,5.5,208.5,1,21,1.5,NA,0,2,208.5
"769","G258","Heroin","2","Day 1",1,27,5.5,114.02,3,76.81,8,NA,0,3,114.02
"770","G258","Heroin","2","Day 1",2,3,2,25.925,4.5,236.195,7,NA,0,0,25.925
"771","G258","Heroin","2","Day 1",3,10.5,5,129.56,0.5,29.655,3.5,NA,0,5,129.56
"772","G258","Heroin","2","Day 1",4,7,2.5,124.745,1.5,156.4,5.5,NA,0,3,124.745
"773","G258","Heroin","2","Day 1",5,5,4,135.135,3.5,42.675,4,NA,0,2,135.135
"774","G258","Heroin","2","Day 1",6,9,4,89.285,4,58.515,5,NA,0,2,89.285
"775","G258","Heroin","2","Day 30",1,18.5,5.5,126.5,3,101.84,1,NA,0,3,126.5
"776","G258","Heroin","2","Day 30",2,14.5,7,164.5,1,25.745,1,NA,0,5,164.5
"777","G258","Heroin","2","Day 30",3,8.5,4.5,137,2,102.975,2,NA,0,2,137
"778","G258","Heroin","2","Day 30",4,6.5,4,120.64,1.5,84.5,1,NA,0,3,120.64
"779","G258","Heroin","2","Day 30",5,7,3.5,149.5,2,62.685,1,NA,0,2,149.5
"780","G258","Heroin","2","Day 30",6,17,4.5,237.745,1,4.82,0,NA,0,3,237.745
"781","G266","Heroin","2","Day 1",1,19,6,140.356666666667,1.66666666666667,34.63,5,NA,0,5,140.356666666667
"782","G266","Heroin","2","Day 1",2,10,4,125.046666666667,3.66666666666667,102.786666666667,5.66666666666667,NA,0,1,125.046666666667
"783","G266","Heroin","2","Day 1",3,3.33333333333333,2.66666666666667,71.0266666666667,3.33333333333333,115.586666666667,5.33333333333333,NA,0,1,71.0266666666667
"784","G266","Heroin","2","Day 1",4,1.33333333333333,0,0,2.33333333333333,232.003333333333,9.66666666666667,NA,0,0,0
"785","G266","Heroin","2","Day 1",5,1.66666666666667,1,10.2133333333333,1.33333333333333,77.12,4.33333333333333,NA,0,1,10.2133333333333
"786","G266","Heroin","2","Day 1",6,5.33333333333333,2.66666666666667,23.67,3.66666666666667,77.0766666666667,5.66666666666667,NA,0,1,23.67
"787","G266","Heroin","2","Day 30",1,17.5,5.5,171,0,0,1,NA,0,5,171
"788","G266","Heroin","2","Day 30",2,14,5.5,224.5,2,11,0.5,NA,0,2,224.5
"789","G266","Heroin","2","Day 30",3,4,6.5,155.5,1.5,15.5,0.5,NA,0,5,155.5
"790","G266","Heroin","2","Day 30",4,6,5,162.5,0,0,1.5,NA,0,3.5,162.5
"791","G266","Heroin","2","Day 30",5,0.5,3,86.5,1.5,45.235,0.5,NA,0,2,86.5
"792","G266","Heroin","2","Day 30",6,6,4.5,185,2,73.1,3.5,NA,0,0,185
"793","G279","Heroin",NA,"Day 1",1,12,4.5,80.565,2.5,165.085,8.5,NA,0,2,80.565
"794","G279","Heroin",NA,"Day 1",2,6.5,5.5,90.205,3.5,160,7,NA,0,2,90.205
"795","G279","Heroin",NA,"Day 1",3,4.5,6.5,117.69,5.5,107.87,6.5,NA,0,2,117.69
"796","G279","Heroin",NA,"Day 1",4,0,1,53.5,1,80,2,NA,0,0,53.5
"797","G279","Heroin",NA,"Day 1",5,3,2.5,41,2,196.25,5.5,NA,0,1,41
"798","G279","Heroin",NA,"Day 1",6,1,2,40,1,22.5,2,NA,0,1,40
"799","G279","Heroin",NA,"Day 30",1,20.5,8,96,2.5,66,3,NA,0,6,96
"800","G279","Heroin",NA,"Day 30",2,17,8.5,152.5,3,34,3,NA,0,5,152.5
"801","G279","Heroin",NA,"Day 30",3,10.5,6,157.5,2.5,34,3,NA,0,3,157.5
"802","G279","Heroin",NA,"Day 30",4,11.5,8,101.5,3.5,91,1,NA,0,4,101.5
"803","G279","Heroin",NA,"Day 30",5,8.5,4,131,1,20,2.5,NA,0,3,131
"804","G279","Heroin",NA,"Day 30",6,13,7.5,161,4.5,49,2.5,NA,0,3,161
"805","G311","Heroin",NA,"Day 30",1,19.5,5,203,0.5,1.5,0,NA,0,4,203
"806","G311","Heroin",NA,"Day 30",2,19,3,195.5,0,0,0,NA,0,3,195.5
"807","G311","Heroin",NA,"Day 30",3,13,3.5,216,0,0,0,NA,0,3,216
"808","G311","Heroin",NA,"Day 30",4,7.5,4,233,1.5,7,1,NA,0,2,233
"809","G311","Heroin",NA,"Day 30",5,12,4.5,225,1,7.5,0,NA,0,2,225
"810","G311","Heroin",NA,"Day 30",6,12.5,6,149,1.5,11.5,1,NA,0,1,149
"811","G327","Heroin",NA,"Day 1",1,3,3,32.51,1,218.435,5.5,NA,0,2,32.51
"812","G327","Heroin",NA,"Day 1",2,12,4,146.89,1.5,73.14,6.5,NA,0,3.5,146.89
"813","G327","Heroin",NA,"Day 1",3,3.5,1,9.385,2.5,283.565,7.5,NA,0,0.5,9.385
"814","G327","Heroin",NA,"Day 1",4,4.5,5.5,80.96,2.5,112.9,3,NA,0,2.5,80.96
"815","G327","Heroin",NA,"Day 1",5,0,1,13.085,1,49.68,0.5,NA,0,0,13.085
"816","G327","Heroin",NA,"Day 1",6,0,1,13.395,0,0,0,NA,0,0,13.395
"817","G327","Heroin",NA,"Day 30",1,6,6.5,62.5,0.5,101.5,3,NA,0,6,62.5
"818","G327","Heroin",NA,"Day 30",2,14.5,6.5,109.5,2,43,5.5,NA,0,5,109.5
"819","G327","Heroin",NA,"Day 30",3,16,5,47,2.5,143,5,NA,0,3.5,47
"820","G327","Heroin",NA,"Day 30",4,6,4,46.5,2,122,3.5,NA,0,2.5,46.5
"821","G327","Heroin",NA,"Day 30",5,9,9,32,1.5,40,1,NA,0,3.5,32
"822","G327","Heroin",NA,"Day 30",6,9,5,51.5,0,0,1,NA,0,4,51.5
"823","G365","Heroin",NA,"Day 1",1,11,5.75,125.25,2.75,79.375,6,NA,0,4,125.25
"824","G365","Heroin",NA,"Day 1",2,12.5,4.25,192.375,0.75,11.5,3,NA,0,3,192.375
"825","G365","Heroin",NA,"Day 1",3,10,4.5,174.375,1,29.6775,3,NA,0,4,174.375
"826","G365","Heroin",NA,"Day 1",4,3.5,3.75,100.4125,5.25,153.8575,8.75,NA,0,1,100.4125
"827","G365","Heroin",NA,"Day 1",5,0.25,3,23.49,4.5,253.3725,6.5,NA,0,0,23.49
"828","G365","Heroin",NA,"Day 1",6,1,3.25,33.535,4.5,40.32,2,NA,0,0,33.535
"829","G392","Heroin",NA,"Day 1",1,34,3,242.605,1,31.29,8,NA,0,1,242.605
"830","G392","Heroin",NA,"Day 1",2,8.5,4,121.82,2,148.31,7.5,NA,0,1.5,121.82
"831","G392","Heroin",NA,"Day 1",3,26.5,5,181.64,1,15.285,7,NA,0,2,181.64
"832","G392","Heroin",NA,"Day 1",4,8.5,4,118.675,3,146,9,NA,0,1,118.675
"833","G392","Heroin",NA,"Day 1",5,1,4,67.5,4,95,6,NA,0,0,67.5
"834","G392","Heroin",NA,"Day 1",6,0,0,0,0,0,0,NA,0,0,0
"835","G614","Heroin",NA,"Day 1",1,26.5,4,78,2,51.43,6,NA,0,3,78
"836","G614","Heroin",NA,"Day 1",2,21,3,47.7,3,113.76,5,NA,0,3,47.7
"837","G614","Heroin",NA,"Day 1",3,9,2.5,22.625,3,255.605,6,NA,0,0,22.625
"838","G614","Heroin",NA,"Day 1",4,14,3,66.795,3,172.305,3,NA,0,1,66.795
"839","G614","Heroin",NA,"Day 1",5,7,3.5,46,4.5,223,3,NA,0,1,46
"840","G614","Heroin",NA,"Day 1",6,15.5,4,111.5,4,104.29,5,NA,0,2,111.5
"841","G614","Heroin",NA,"Day 30",1,22,7.5,132.5,0.5,2.5,1,NA,0,7,132.5
"842","G614","Heroin",NA,"Day 30",2,23,5,196,0.5,0.5,0.5,NA,0,3.5,196
"843","G614","Heroin",NA,"Day 30",3,26.5,3.5,216,0,0,0.5,NA,0,2,216
"844","G614","Heroin",NA,"Day 30",4,16,6.5,124,0,0,1,NA,0,7,124
"845","G614","Heroin",NA,"Day 30",5,11.5,5,123.5,0,0,0,NA,0,5,123.5
"846","G614","Heroin",NA,"Day 30",6,16.5,4.5,146.5,1.5,37.5,0,NA,0,3,146.5
"847","T159","Sucrose","2","Day 30",1,29,9,95,2,17,0,5,9,10,104
"848","T159","Sucrose","2","Day 30",2,17,10,124,4,72,0,3,6,4,130
"849","T159","Sucrose","2","Day 30",3,13,6,111,2,11,0,4,26,7,137
"850","T159","Sucrose","2","Day 30",4,24,7,139,2,50,0,4,12,4,151
"851","T159","Sucrose","2","Day 30",5,18,7,191,5,60,0,1,20,1,211
"852","T159","Sucrose","2","Day 30",6,9,6,164,1,2,0,3,9,5,173
"853","T160","Sucrose","2","Day 30",1,36,8,131,1,5,0,7,18,9,149
"854","T160","Sucrose","2","Day 30",2,33,8,192,3,13,0,2,5,4,197
"855","T160","Sucrose","2","Day 30",3,12,10,110,1,22,0,4,9,8,119
"856","T160","Sucrose","2","Day 30",4,20,4,213,1,2,0,2,38,1,251
"857","T160","Sucrose","2","Day 30",5,27,5,255,1,21,0,4,19,0,274
"858","T160","Sucrose","2","Day 30",6,27,5,237,1,7,0,4,24,1,261
"859","T213","Heroin","2","Day 1",1,21,5,138.285,1,27.135,3,NA,0,5,138.285
"860","T213","Heroin","2","Day 1",2,10,3,215.055,1,4.045,4.5,NA,0,1,215.055
"861","T213","Heroin","2","Day 1",3,11.5,4.5,76.45,3,33.265,6,NA,0,3,76.45
"862","T213","Heroin","2","Day 1",4,10,3,172.045,2,90.26,7.5,NA,0,0,172.045
"863","T213","Heroin","2","Day 1",5,5.5,3.5,187.875,0,0,3,NA,0,2,187.875
"864","T213","Heroin","2","Day 1",6,1,1,155.915,1,38.985,2,NA,0,0,155.915
"865","T213","Heroin","2","Day 30",1,22.5,7.5,91,0.5,1.5,4,NA,0,5,91
"866","T213","Heroin","2","Day 30",2,10.5,6.5,74,0,0,0.5,NA,0,4,74
"867","T213","Heroin","2","Day 30",3,15,5,82,0,0,7,NA,0,5,82
"868","T213","Heroin","2","Day 30",4,7,3.5,80,1,9,3,NA,0,2,80
"869","T213","Heroin","2","Day 30",5,12,5,87,0,0,2,NA,0,4,87
"870","T213","Heroin","2","Day 30",6,10.5,5,82.5,1,7.5,3,NA,0,4,82.5
"871","T217","Heroin","1","Day 1",1,11.5,3.5,252,0,0,1.5,NA,0,2,252
"872","T217","Heroin","1","Day 1",2,12.5,2.5,265,1.5,10.5,2.5,NA,0,1,265
"873","T217","Heroin","1","Day 1",3,12.5,3.5,248,0.5,0.5,2,NA,0,2,248
"874","T217","Heroin","1","Day 1",4,7.5,3,172,2,46.5,3,NA,0,0,172
"875","T217","Heroin","1","Day 1",5,4,1,264,0,0,2,NA,0,0,264
"876","T217","Heroin","1","Day 1",6,12.5,2.5,164,1,104,6,NA,0,1,164
"877","T217","Heroin","1","Day 30",1,21.5,5.5,176.5,1,4.5,1,NA,0,4,176.5
"878","T217","Heroin","1","Day 30",2,18,5,122.5,3,43.5,1.5,NA,0,3,122.5
"879","T217","Heroin","1","Day 30",3,15.5,5,118,3.5,62.5,3,NA,0,2,118
"880","T217","Heroin","1","Day 30",4,19,5,77.5,2.5,93.5,3,NA,0,3,77.5
"881","T217","Heroin","1","Day 30",5,14,7,113.5,4.5,85.5,3,NA,0,3,113.5
"882","T217","Heroin","1","Day 30",6,16.5,6,165,0.5,0.5,0.5,NA,0,5,165
"883","T218","Heroin","1","Day 1",1,18.5,7.5,136.5,0,0,2,NA,0,8,136.5
"884","T218","Heroin","1","Day 1",2,9,6,136,2,50,3,NA,0,4.5,136
"885","T218","Heroin","1","Day 1",3,15.5,4,231,0,0,3,NA,0,3,231
"886","T218","Heroin","1","Day 1",4,15.5,3.5,188,2,51.5,4,NA,0,1,188
"887","T218","Heroin","1","Day 1",5,1.5,2.5,96.5,2,153,3,NA,0,0,96.5
"888","T218","Heroin","1","Day 1",6,5,3,93,0.5,5.5,2,NA,0,2,93
"889","T218","Heroin","1","Day 30",1,18,8.5,74.5,0,0,0,NA,0,7.5,74.5
"890","T218","Heroin","1","Day 30",2,25.5,5,158,0,0,0,NA,0,5,158
"891","T218","Heroin","1","Day 30",3,20,9,115,0.5,1.5,1,NA,0,6,115
"892","T218","Heroin","1","Day 30",4,18.5,8,114.5,1,11,1,NA,0,5,114.5
"893","T218","Heroin","1","Day 30",5,21,5.5,165.5,1,13,0.5,NA,0,5,165.5
"894","T218","Heroin","1","Day 30",6,13,7,120.5,1.5,25.5,0.5,NA,0,5,120.5
"895","T234","Heroin",NA,"Day 1",1,28,5.5,182.5,0,0,2,NA,0,5,182.5
"896","T234","Heroin",NA,"Day 1",2,9,6.5,131.5,2.5,62,4.5,NA,0,4,131.5
"897","T234","Heroin",NA,"Day 1",3,2.5,3.5,86,3.5,162,6,NA,0,1,86
"898","T234","Heroin",NA,"Day 1",4,0,0.5,1,2,260,4,NA,0,1,1
"899","T234","Heroin",NA,"Day 1",5,0,0,0,1,124.5,1,NA,0,0,0
"900","T234","Heroin",NA,"Day 1",6,0,1,24.5,0,0,0,NA,0,0,24.5
"901","T234","Heroin",NA,"Day 30",1,25.5,8.5,121,0,0,0.5,NA,0,7,121
"902","T234","Heroin",NA,"Day 30",2,15.5,6.5,176.5,0,0,0.5,NA,0,5,176.5
"903","T234","Heroin",NA,"Day 30",3,14.5,7,129.5,0,0,0,NA,0,7,129.5
"904","T234","Heroin",NA,"Day 30",4,19.5,4,193.5,0,0,0,NA,0,4,193.5
"905","T234","Heroin",NA,"Day 30",5,25.5,5.5,147.5,1,26.5,1,NA,0,4,147.5
"906","T234","Heroin",NA,"Day 30",6,45.5,6.5,172,1.5,4.5,1,NA,0,3.5,172
"907","T250","Heroin",NA,"Day 1",1,5,5,93,5,88.5,7.5,NA,0,2,93
"908","T250","Heroin",NA,"Day 1",2,7,2.5,39,2,178.5,3.5,NA,0,3,39
"909","T250","Heroin",NA,"Day 1",3,0.5,2,28,3,74,3.5,NA,0,0,28
"910","T250","Heroin",NA,"Day 1",4,0,0,0,1,52.5,0,NA,0,0,0
"911","T250","Heroin",NA,"Day 1",5,1.5,1.5,23.5,1,34,2,NA,0,0,23.5
"912","T250","Heroin",NA,"Day 1",6,4,2,76.5,0,0,2,NA,0,1,76.5
"913","T250","Heroin",NA,"Day 30",1,16.5,12,88,1,14.5,1,NA,0,6,88
"914","T250","Heroin",NA,"Day 30",2,16,8,148,0,0,0,NA,0,4,148
"915","T250","Heroin",NA,"Day 30",3,11.5,7,101.5,4,116,3,NA,0,1,101.5
"916","T250","Heroin",NA,"Day 30",4,22,7,111,3,46.5,1.5,NA,0,4,111
"917","T250","Heroin",NA,"Day 30",5,12,8.5,89,1,7,0,NA,0,4,89
"918","T250","Heroin",NA,"Day 30",6,33.5,7.5,149,3,52.5,1,NA,0,1,149
"919","T287","Heroin",NA,"Day 1",1,30.25,2.75,253,0,0,4.5,NA,0,2,253
"920","T287","Heroin",NA,"Day 1",2,7.25,3,238.5,2,27.5,4,NA,0,1,238.5
"921","T287","Heroin",NA,"Day 1",3,11.75,2.75,107.5,1,74.75,5,NA,0,2,107.5
"922","T287","Heroin",NA,"Day 1",4,5,3.5,224.75,2.25,36.25,4,NA,0,1,224.75
"923","T287","Heroin",NA,"Day 1",5,6,4,220.75,2,42.75,4.5,NA,0,1,220.75
"924","T287","Heroin",NA,"Day 1",6,3,3.5,111.25,3.5,157,5,NA,0,0,111.25
"925","T287","Heroin",NA,"Day 30",1,28,7.5,171.5,1.5,12.5,0,NA,0,4,171.5
"926","T287","Heroin",NA,"Day 30",2,28,9,160,1,30,1,NA,0,4,160
"927","T287","Heroin",NA,"Day 30",3,11.5,8,79.5,1,30,0.5,NA,0,4.5,79.5
"928","T287","Heroin",NA,"Day 30",4,8,7.5,118.5,1,27,1.5,NA,0,5,118.5
"929","T287","Heroin",NA,"Day 30",5,14.5,6,181.5,3,11,2,NA,0,2,181.5
"930","T287","Heroin",NA,"Day 30",6,16.5,5.5,105,1.5,24,2,NA,0,2,105
"931","T293","Heroin",NA,"Day 1",1,20,6.66666666666667,119.333333333333,3,91.6666666666667,8,NA,0,4,119.333333333333
"932","T293","Heroin",NA,"Day 1",2,10.3333333333333,5,173.666666666667,3.66666666666667,40.6666666666667,7,NA,0,3,173.666666666667
"933","T293","Heroin",NA,"Day 1",3,6.33333333333333,3,74.3333333333333,2.66666666666667,114.666666666667,9,NA,0,4,74.3333333333333
"934","T293","Heroin",NA,"Day 1",4,5.33333333333333,1.33333333333333,59.6666666666667,1,228,15.6666666666667,NA,0,0,59.6666666666667
"935","T293","Heroin",NA,"Day 1",5,4.66666666666667,2.66666666666667,148.333333333333,1,103.333333333333,14,NA,0,2,148.333333333333
"936","T293","Heroin",NA,"Day 1",6,9.66666666666667,3,167.333333333333,1.33333333333333,100.666666666667,14,NA,0,1,167.333333333333
"937","T301","Heroin",NA,"Day 1",1,11,4,94.5,0,0,4,NA,0,9,94.5
"938","T301","Heroin",NA,"Day 1",2,8.5,3,184,0,0,6.5,NA,0,4,184
"939","T301","Heroin",NA,"Day 1",3,6,3,115.5,1,85.5,7,NA,0,2,115.5
"940","T301","Heroin",NA,"Day 1",4,0,1,4.5,2,141,6,NA,0,1,4.5
"941","T301","Heroin",NA,"Day 1",5,2,2,108,2,51,8.5,NA,0,2,108
"942","T301","Heroin",NA,"Day 1",6,0,1,70,2,39.5,6,NA,0,4,70
"943","T301","Heroin",NA,"Day 30",1,22,7,171,0.5,3,1,NA,0,4,171
"944","T301","Heroin",NA,"Day 30",2,13.5,6.5,111.5,0.5,3.5,1.5,NA,0,4.5,111.5
"945","T301","Heroin",NA,"Day 30",3,17,5.5,138.5,0.5,6.5,0,NA,0,5,138.5
"946","T301","Heroin",NA,"Day 30",4,16.5,6,154.5,0,0,0,NA,0,3,154.5
"947","T301","Heroin",NA,"Day 30",5,10,4,87,2,47.5,1,NA,0,4,87
"948","T301","Heroin",NA,"Day 30",6,30.5,8.5,121.5,2,10,3,NA,0,1,121.5
"949","T337","Heroin",NA,"Day 1",1,18.5,4.5,218.5,0,0,9,NA,0,5,218.5
"950","T337","Heroin",NA,"Day 1",2,9.5,1.5,55.5,2,228,10,NA,0,0,55.5
"951","T337","Heroin",NA,"Day 1",3,4,3,29,4.5,119.5,10,NA,0,3,29
"952","T337","Heroin",NA,"Day 1",4,10,5.5,136,2.5,70.5,10,NA,0,5,136
"953","T337","Heroin",NA,"Day 1",5,0,0,0,1,150,8,NA,0,1,0
"954","T337","Heroin",NA,"Day 1",6,0,0.5,2.5,0.5,2,0,NA,0,0,2.5
"955","T337","Heroin",NA,"Day 30",1,22,7.5,160.5,0,0,5,NA,0,5.5,160.5
"956","T337","Heroin",NA,"Day 30",2,14,3.5,130.5,1,112.5,6,NA,0,1.5,130.5
"957","T337","Heroin",NA,"Day 30",3,10.5,4,143,2,68.5,4,NA,0,3,143
"958","T337","Heroin",NA,"Day 30",4,13.5,4,134.5,1,36,4,NA,0,3.5,134.5
"959","T337","Heroin",NA,"Day 30",5,8,5,65.5,2,83.5,4,NA,0,2,65.5
"960","T337","Heroin",NA,"Day 30",6,7.5,2.5,112,0,0,0,NA,0,0.5,112
"961","T344","Heroin",NA,"Day 1",1,14.6666666666667,5.33333333333333,181.333333333333,3.66666666666667,51.9766666666667,5.66666666666667,NA,0,3,181.333333333333
"962","T344","Heroin",NA,"Day 1",2,11,3,199,2,69,2.66666666666667,NA,0,1,199
"963","T344","Heroin",NA,"Day 1",3,9,3,49.6666666666667,2,231,5.66666666666667,NA,0,0,49.6666666666667
"964","T344","Heroin",NA,"Day 1",4,0,1,3.33333333333333,2,283.666666666667,1.33333333333333,NA,0,0,3.33333333333333
"965","T344","Heroin",NA,"Day 1",5,0,0.333333333333333,3,1,18.3333333333333,0,NA,0,0,3
"966","T344","Heroin",NA,"Day 1",6,0,0,0,0.666666666666667,13.6666666666667,0,NA,0,0,0
"967","T344","Heroin",NA,"Day 30",1,15.5,5.5,191.5,1,11.5,3,NA,0,4,191.5
"968","T344","Heroin",NA,"Day 30",2,15,4.5,209.5,2.5,44.5,1.5,NA,0,1.5,209.5
"969","T344","Heroin",NA,"Day 30",3,11.5,5,106.5,2.5,130,2.5,NA,0,2,106.5
"970","T344","Heroin",NA,"Day 30",4,7,2.5,111.5,1.5,164.5,0,NA,0,1,111.5
"971","T344","Heroin",NA,"Day 30",5,7,3.5,79.5,2.5,29,0,NA,0,2,79.5
"972","T344","Heroin",NA,"Day 30",6,6,4,82.5,1,13.5,0,NA,0,2,82.5
"973","T348","Heroin",NA,"Day 1",1,14.5,6.5,135,2.5,29.5,0.5,NA,0,5,135
"974","T348","Heroin",NA,"Day 1",2,5,4,138.5,1,25,1,NA,0,5,138.5
"975","T348","Heroin",NA,"Day 1",3,0,2,63.5,1.5,73.5,2.5,NA,0,1,63.5
"976","T348","Heroin",NA,"Day 1",4,0,0,0,1,4.5,1,NA,0,0,0
"977","T348","Heroin",NA,"Day 1",5,0,0,0,0,0,0,NA,0,0,0
"978","T348","Heroin",NA,"Day 1",6,4,1.5,205,0.5,2,1,NA,0,0,205
"979","T348","Heroin",NA,"Day 30",1,24,7,156.5,1,15,1,NA,0,5.5,156.5
"980","T348","Heroin",NA,"Day 30",2,12.5,6,153.5,0.5,15,0.5,NA,0,5.5,153.5
"981","T348","Heroin",NA,"Day 30",3,9,4.5,119,0.5,39,1.5,NA,0,2.5,119
"982","T348","Heroin",NA,"Day 30",4,16.5,3,86,1,8,1,NA,0,2.5,86
"983","T348","Heroin",NA,"Day 30",5,3.5,2.5,64,1,19,0,NA,0,1,64
"984","T348","Heroin",NA,"Day 30",6,14,4,186,0,0,0.5,NA,0,3,186
