subject,reward,gender,day
361,sucrose,male,day 30
363,sucrose,male,day 30
364,sucrose,male,day 30
365,sucrose,male,day 1
366,sucrose,male,day 1
367,sucrose,male,day 1
368,sucrose,male,day 30
371,sucrose,male,day 30
372,sucrose,male,day 30
373,sucrose,male,day 30
374,sucrose,male,day 30
375,sucrose,male,day 30
376,sucrose,male,day 30
377,sucrose,male,day 30
378,sucrose,male,day 30
379,sucrose,male,day 30
380,sucrose,male,day 30
381,sucrose,male,day 30
383,sucrose,male,day 1
384,sucrose,male,day 1
386,sucrose,male,day 1
387,sucrose,female,day 30
388,sucrose,female,day 30
389,sucrose,male,day 1
390,sucrose,female,day 30
391,sucrose,female,day 30
392,sucrose,female,day 30
393,sucrose,female,day 30
394,sucrose,female,day 30
395,sucrose,male,day 1
396,sucrose,male,day 1
397,sucrose,male,day 1
398,sucrose,male,day 1
399,sucrose,male,day 1
417,sucrose,female,day 30
418,sucrose,female,day 30
422,sucrose,female,day 30
423,sucrose,female,day 30
448,heroin,male,day 1
448,heroin,male,day 30
450,heroin,male,day 1
450,heroin,male,day 30
451,heroin,male,day 1
452,heroin,male,day 1
452,heroin,male,day 30
453,heroin,male,day 1
507,heroin,male,day 1
507,heroin,male,day 30
544,heroin,female,day 1
544,heroin,female,day 30
545,heroin,female,day 1
B213,heroin,female,day 1
B213,heroin,female,day 30
B230,heroin,female,day 1
B230,heroin,female,day 30
B25,heroin,male,day 1
B25,heroin,male,day 30
B26,heroin,male,day 1
B282,heroin,female,day 1
B282,heroin,female,day 30
B422,sucrose,female,day 1
B437,heroin,male,day 30
B447,heroin,female,day 1
B447,heroin,female,day 30
B454,heroin,male,day 30
B456,sucrose,female,day 1
B457,sucrose,female,day 1
B458,sucrose,female,day 1
B459,sucrose,female,day 1
B460,sucrose,female,day 30
B463,sucrose,female,day 30
B474,sucrose,female,day 1
B475,sucrose,female,day 30
B476,sucrose,female,day 1
B478,sucrose,female,day 1
B484,sucrose,female,day 30
B485,sucrose,female,day 30
B486,sucrose,female,day 1
B487,sucrose,female,day 1
B491,heroin,male,day 1
B491,heroin,male,day 30
B504,heroin,male,day 1
B504,heroin,male,day 30
G116,sucrose,female,day 30
G117,sucrose,female,day 30
G118,sucrose,female,day 30
G119,sucrose,female,day 30
G120,sucrose,female,day 30
G122,sucrose,female,day 1
G124,sucrose,female,day 30
G126,sucrose,female,day 1
G126,sucrose,female,day 30
G127,sucrose,female,day 1
G127,sucrose,female,day 30
G150,heroin,male,day 1
G150,heroin,male,day 30
G155,heroin,male,day 30
G163,sucrose,female,day 1
G164,sucrose,female,day 1
G164,sucrose,female,day 30
G165,sucrose,female,day 1
G166,sucrose,female,day 30
G172,heroin,male,day 1
G172,heroin,male,day 30
G173,heroin,male,day 1
G174,sucrose,female,day 1
G174,sucrose,female,day 30
G175,sucrose,female,day 1
G175,sucrose,female,day 30
G176,sucrose,female,day 1
G176,sucrose,female,day 30
G177,sucrose,female,day 1
G178,sucrose,female,day 1
G178,sucrose,female,day 30
G182,heroin,male,day 1
G182,heroin,male,day 30
G184,sucrose,female,day 30
G185,sucrose,female,day 30
G186,sucrose,female,day 1
G187,sucrose,female,day 1
G220,sucrose,female,day 30
G221,sucrose,female,day 30
G224,sucrose,female,day 30
G226,sucrose,female,day 1
G231,sucrose,female,day 1
G233,sucrose,female,day 1
G254,heroin,male,day 1
G254,heroin,male,day 30
G258,heroin,female,day 1
G258,heroin,female,day 30
G266,heroin,female,day 1
G266,heroin,female,day 30
G279,heroin,male,day 1
G279,heroin,male,day 30
G311,heroin,female,day 30
G327,heroin,female,day 1
G327,heroin,female,day 30
G365,heroin,male,day 1
G392,heroin,male,day 1
G614,heroin,female,day 1
G614,heroin,female,day 30
T159,sucrose,female,day 30
T160,sucrose,female,day 30
T213,heroin,female,day 1
T213,heroin,female,day 30
T217,heroin,male,day 1
T217,heroin,male,day 30
T218,heroin,male,day 1
T218,heroin,male,day 30
T234,heroin,male,day 1
T234,heroin,male,day 30
T250,heroin,female,day 1
T250,heroin,female,day 30
T287,heroin,female,day 1
T287,heroin,female,day 30
T293,heroin,male,day 1
T301,heroin,male,day 1
T301,heroin,male,day 30
T337,heroin,female,day 1
T337,heroin,female,day 30
T344,heroin,male,day 1
T344,heroin,male,day 30
T348,heroin,female,day 1
T348,heroin,female,day 30
