"0","data_dir <- ""data/"""
"0",""
"0","missing_ids <- read_excel("
"0","  file.path(data_dir, ""missing_animal_ids.xlsx""),"
"0","  sheet = ""missing_by_row"","
"0","  col_types = ""text"""
"0",") %>%"
"0","  transmute("
"0","    subject = str_extract(str_to_upper(str_squish(subject)), ""[A-Z]*\\d+""),"
"0","    reward = str_to_lower(str_squish(reward)),"
"0","    sex = str_to_lower(str_squish(sex)),"
"0","    day = if_else(parse_number(day) == 1, 1L, 30L),"
"0","    across("
"0","      c("
"0","        missing_infusion,"
"0","        missing_active,"
"0","        missing_inactive,"
"0","        missing_cue"
"0","      ),"
"0","      ~ str_to_lower(.x) == ""true"""
"0","    )"
"0","  )"
"0",""
"0","trap_files <- file.path("
"0","  data_dir,"
"0","  c("
"0","    ""Heroin Incubation + D1 TRAP data 2021.xlsx"","
"0","    ""Heroin Incubation + D2 TRAP data 2021.xlsx"""
"0","  )"
"0",")"
"0",""
"0","clean_subject <- function(x) {"
"0","  str_extract("
"0","    str_to_upper(str_squish(as.character(x))),"
"0","    ""[A-Z]*\\d+"""
"0","  )"
"0","}"
