"0","mean_groom %>%"
"0","  filter(sex == 1 | sex == 2) %>%"
"0","  ggplot(mapping = aes(x = time, y = mean_groom, fill = session)) + "
"0","  geom_col(position = ""dodge"") + "
"0","  geom_errorbar(aes(ymin=mean_groom-sem_groom,ymax=mean_groom+sem_groom),width=0.2,"
"0","                position=position_dodge(1)) +"
"0","  facet_wrap(drug~sex,"
"0","             labeller = labeller(drug=drug_labels,sex=sex_labels)) +  "
"0","  scale_x_discrete(name =""Time"", "
"0","                    limits=c(""1"",""2"",""3"",""4"",""5"",""6"")) + "
"0","  scale_fill_discrete(labels=c(""Day 1"", ""Day 30""))"
